연도,월,시도,최고기온,평균기온,평균습도,월강수합계,기온일교차,시도_매핑,변압기화재건수
2020,1,강원,11.1,0.31935483870967746,66.93548387096774,82.1,8.625806451612902,,0
2020,1,경기,10.6,0.25483870967741934,69.29032258064517,66.7,8.370967741935484,,0
2020,1,경남,15.9,4.32258064516129,65.0,118.8,7.77741935483871,,0
2020,1,경북,11.8,1.2774193548387098,69.2258064516129,82.1,8.170967741935485,,0
2020,1,광주,16.5,3.1516129032258067,72.51612903225806,88.2,8.625806451612902,,0
2020,1,대구,15.1,2.729032258064516,69.38709677419355,89.4,8.741935483870968,대구,1
2020,1,대전,14.4,1.1774193548387097,71.74193548387096,84.3,8.64516129032258,,0
2020,1,부산,16.8,4.529032258064516,65.51612903225806,126.4,8.1,,0
2020,1,서울,10.2,-0.15806451612903227,68.83870967741936,63.9,8.674193548387096,,0
2020,1,세종,13.2,1.4774193548387096,70.7741935483871,84.0,8.819354838709677,,0
2020,1,울산,16.1,3.629032258064516,66.58064516129032,134.3,8.919354838709678,,0
2020,1,인천,10.1,0.5354838709677419,68.51612903225806,61.6,7.564516129032258,,0
2020,1,전남,15.4,4.580645161290323,72.80645161290323,74.4,5.229032258064516,,0
2020,1,전북,15.7,2.8,72.61290322580645,85.3,8.258064516129032,,0
2020,1,제주,19.8,7.474193548387096,78.7741935483871,141.1,3.9967741935483874,,0
2020,1,충남,13.2,0.6870967741935484,72.70967741935483,79.2,8.080645161290322,,0
2020,1,충북,12.3,1.367741935483871,71.38709677419355,73.1,8.570967741935483,,0
2020,2,강원,15.6,1.2,65.48275862068965,54.7,9.558620689655172,,0
2020,2,경기,14.7,1.0620689655172415,68.89655172413794,62.5,9.062068965517241,,0
2020,2,경남,16.5,5.120689655172414,65.6896551724138,82.5,9.320689655172414,,0
2020,2,경북,14.8,2.086206896551724,65.65517241379311,51.6,9.782758620689656,,0
2020,2,광주,17.6,4.13448275862069,70.41379310344827,52.300000000000004,10.482758620689655,,0
2020,2,대구,16.9,3.737931034482759,66.03448275862068,48.2,9.931034482758621,,0
2020,2,대전,17.0,2.06551724137931,69.3103448275862,62.199999999999996,10.0,,0
2020,2,부산,15.2,5.193103448275862,66.55172413793103,109.30000000000001,9.182758620689656,,0
2020,2,서울,14.3,0.8034482758620689,68.79310344827586,60.0,9.358620689655172,서울,1
2020,2,세종,16.1,2.3241379310344827,68.82758620689656,60.6,10.1,,0
2020,2,울산,16.7,4.093103448275862,66.48275862068965,69.5,10.89655172413793,,0
2020,2,인천,14.1,1.393103448275862,68.93103448275862,61.3,7.706896551724138,,0
2020,2,전남,15.6,5.096551724137932,75.06896551724138,37.5,6.63448275862069,,0
2020,2,전북,18.7,3.6758620689655173,69.24137931034483,61.9,9.844827586206897,,0
2020,2,제주,20.4,7.806896551724138,77.03448275862068,72.5,6.003448275862069,,0
2020,2,충남,15.6,1.5413793103448274,70.27586206896552,69.4,9.382758620689655,,0
2020,2,충북,16.8,2.341379310344828,68.37931034482759,62.699999999999996,9.862068965517242,,0
2020,3,강원,20.8,5.670967741935484,63.483870967741936,26.5,12.725806451612904,,0
2020,3,경기,19.5,5.358064516129032,64.80645161290323,22.3,11.52258064516129,,0
2020,3,경남,19.8,8.803225806451612,65.51612903225806,50.6,9.612903225806452,,0
2020,3,경북,20.7,6.66774193548387,62.87096774193548,20.3,11.709677419354838,,0
2020,3,광주,21.7,7.609677419354839,66.29032258064517,42.3,11.980645161290322,,0
2020,3,대구,23.4,8.209677419354838,62.29032258064516,31.9,12.219354838709679,,0
2020,3,대전,20.0,6.558064516129033,63.41935483870968,35.0,12.029032258064515,,0
2020,3,부산,18.1,8.951612903225806,66.54838709677419,60.2,8.63225806451613,,0
2020,3,서울,19.5,5.45483870967742,63.45161290322581,17.6,11.383870967741936,,0
2020,3,세종,20.0,6.787096774193548,63.61290322580645,29.799999999999997,11.993548387096775,,0
2020,3,울산,20.6,7.919354838709677,65.41935483870968,40.2,11.3,,0
2020,3,인천,19.0,5.680645161290323,65.25806451612904,18.3,9.019354838709678,,0
2020,3,전남,18.2,8.025806451612903,70.48387096774194,32.4,7.209677419354839,,0
2020,3,전북,22.4,7.300000000000001,67.25806451612904,43.4,11.812903225806451,,0
2020,3,제주,24.0,10.293548387096775,72.87096774193549,88.3,7.096774193548387,,0
2020,3,충남,20.4,5.925806451612903,65.0,25.9,11.406451612903227,,0
2020,3,충북,21.3,6.72258064516129,64.6774193548387,32.9,12.438709677419356,,0
2020,4,강원,23.8,9.126666666666667,57.36666666666667,25.0,13.553333333333335,,0
2020,4,경기,23.1,9.206666666666667,59.766666666666666,24.3,11.363333333333333,,0
2020,4,경남,22.0,11.413333333333332,60.333333333333336,71.1,10.166666666666666,,0
2020,4,경북,25.4,10.263333333333332,50.63333333333333,25.5,12.903333333333334,,0
2020,4,광주,24.8,10.153333333333334,61.13333333333333,56.900000000000006,12.673333333333334,,0
2020,4,대구,26.4,11.776666666666667,50.3,34.4,12.933333333333334,대구,1
2020,4,대전,25.5,10.22,52.43333333333333,27.799999999999997,13.229999999999999,,0
2020,4,부산,20.2,11.28,64.36666666666666,86.00000000000001,8.83,,0
2020,4,서울,23.4,9.613333333333333,57.96666666666667,24.4,11.306666666666667,,0
2020,4,세종,25.4,10.463333333333333,53.56666666666667,23.0,13.08,,0
2020,4,울산,23.2,11.033333333333333,58.9,76.19999999999999,11.753333333333334,,0
2020,4,인천,21.5,9.453333333333335,63.5,19.4,7.95,,0
2020,4,전남,20.9,10.520000000000001,68.1,69.7,6.6433333333333335,,0
2020,4,전북,26.1,10.066666666666666,60.86666666666667,25.4,12.406666666666666,,0
2020,4,제주,22.4,11.476666666666667,68.33333333333333,107.0,6.463333333333334,,0
2020,4,충남,24.7,9.6,56.56666666666667,24.6,11.66,,0
2020,4,충북,26.0,10.6,52.1,29.3,13.393333333333334,,0
2020,5,강원,28.1,16.706451612903226,72.74193548387096,140.5,11.206451612903225,강원,1
2020,5,경기,27.6,16.287096774193547,73.35483870967742,107.5,10.374193548387098,,0
2020,5,경남,27.0,17.351612903225806,77.2258064516129,98.3,8.277419354838708,,0
2020,5,경북,29.8,17.603225806451615,63.096774193548384,83.39999999999999,11.974193548387097,,0
2020,5,광주,29.0,17.674193548387095,73.87096774193549,117.3,11.3,,0
2020,5,대구,30.3,18.783870967741933,66.90322580645162,103.1,12.029032258064515,,0
2020,5,대전,29.8,17.870967741935484,67.87096774193549,95.9,11.841935483870968,,0
2020,5,부산,25.2,17.041935483870965,79.25806451612904,96.3,6.65483870967742,,0
2020,5,서울,27.5,16.519354838709678,72.80645161290323,114.5,9.787096774193548,서울,1
2020,5,세종,29.5,18.02258064516129,67.80645161290323,105.1,11.887096774193548,,0
2020,5,울산,28.1,17.238709677419354,74.38709677419355,89.7,9.290322580645162,,0
2020,5,인천,26.4,15.654838709677419,77.96774193548387,111.7,7.67741935483871,,0
2020,5,전남,25.0,16.84193548387097,82.06451612903226,115.6,6.516129032258065,,0
2020,5,전북,29.3,18.096774193548388,72.03225806451613,102.3,11.174193548387098,,0
2020,5,제주,26.5,18.538709677419355,79.58064516129032,111.6,6.729032258064516,,0
2020,5,충남,28.5,16.94516129032258,70.87096774193549,120.6,11.129032258064516,,0
2020,5,충북,30.1,18.425806451612903,65.0,101.2,12.003225806451612,,0
2020,6,강원,34.4,22.766666666666666,70.86666666666666,128.89999999999998,10.509999999999998,,0
2020,6,경기,32.8,21.77,75.16666666666667,155.0,9.793333333333333,,0
2020,6,경남,29.0,22.316666666666666,78.66666666666667,362.0,7.08,,0
2020,6,경북,36.2,23.366666666666667,63.666666666666664,145.8,10.610000000000001,,0
2020,6,광주,33.1,22.69,78.8,269.2,9.316666666666666,,0
2020,6,대구,36.9,24.063333333333333,69.36666666666666,207.5,10.846666666666666,,0
2020,6,대전,35.0,23.096666666666668,72.33333333333333,148.2,10.256666666666666,,0
2020,6,부산,27.7,21.616666666666667,81.73333333333333,329.6,6.156666666666666,부산,1
2020,6,서울,34.2,22.216666666666665,73.63333333333334,139.8,9.153333333333334,,0
2020,6,세종,34.8,23.333333333333332,71.9,143.4,10.403333333333334,,0
2020,6,울산,32.0,22.05666666666667,76.9,283.8,9.026666666666667,,0
2020,6,인천,28.5,20.766666666666666,83.2,184.2,6.59,,0
2020,6,전남,29.4,21.506666666666668,86.13333333333334,301.3,5.383333333333334,,0
2020,6,전북,33.6,22.84,79.43333333333334,206.3,9.29,,0
2020,6,제주,29.1,22.996666666666666,84.56666666666666,222.79999999999998,5.52,,0
2020,6,충남,33.8,22.5,72.56666666666666,181.9,10.31,,0
2020,6,충북,35.5,23.84333333333333,69.43333333333334,136.8,10.5,,0
2020,7,강원,30.5,22.9,80.74193548387096,217.4,7.887096774193548,,0
2020,7,경기,30.8,22.28064516129032,84.35483870967742,351.8,6.922580645161291,,0
2020,7,경남,29.3,22.606451612903225,90.25806451612904,477.0,4.354838709677419,,0
2020,7,경북,31.4,22.070967741935487,82.09677419354838,378.5,6.541935483870967,,0
2020,7,광주,29.4,22.95483870967742,87.51612903225806,393.0,5.890322580645161,,0
2020,7,대구,31.2,22.848387096774193,87.64516129032258,416.9,6.37741935483871,,0
2020,7,대전,30.8,22.596774193548388,84.83870967741936,443.4,6.619354838709677,,0
2020,7,부산,27.5,22.24516129032258,90.2258064516129,567.5,3.6774193548387095,,0
2020,7,서울,30.5,22.648387096774194,82.6774193548387,330.5,6.716129032258064,,0
2020,7,세종,31.4,22.97741935483871,83.45161290322581,409.90000000000003,6.916129032258064,,0
2020,7,울산,31.3,22.187096774193545,88.48387096774194,538.9,5.409677419354838,,0
2020,7,인천,28.8,22.30322580645161,86.58064516129032,341.90000000000003,5.548387096774194,,0
2020,7,전남,28.3,22.706451612903226,89.80645161290323,316.9,3.5580645161290323,,0
2020,7,전북,30.3,23.219354838709677,87.03225806451613,400.1,6.2387096774193544,,0
2020,7,제주,30.1,23.967741935483872,90.93548387096774,340.4,4.467741935483871,,0
2020,7,충남,31.4,22.483870967741936,84.03225806451613,319.7,7.0838709677419365,,0
2020,7,충북,31.7,23.26451612903226,82.61290322580645,346.2,6.909677419354838,,0
2020,8,강원,32.2,25.432258064516127,88.0,663.9,5.822580645161291,,0
2020,8,경기,32.2,25.325806451612905,89.29032258064517,688.3,5.7225806451612895,,0
2020,8,경남,34.3,26.92258064516129,89.12903225806451,225.6,4.890322580645161,,0
2020,8,경북,32.3,25.85483870967742,84.96774193548387,365.4,6.32258064516129,,0
2020,8,광주,32.4,26.903225806451612,86.90322580645162,383.0,5.967741935483871,,0
2020,8,대구,34.0,27.241935483870968,85.87096774193549,322.6,6.667741935483871,,0
2020,8,대전,32.8,26.206451612903226,85.70967741935483,346.4,6.077419354838709,,0
2020,8,부산,32.0,26.63225806451613,89.29032258064517,222.8,4.096774193548388,,0
2020,8,서울,32.2,25.361290322580647,88.74193548387096,548.0,5.245161290322581,,0
2020,8,세종,33.2,26.532258064516128,85.3225806451613,365.6,6.145161290322581,,0
2020,8,울산,34.2,27.093548387096774,84.48387096774194,188.6,6.251612903225806,,0
2020,8,인천,32.2,25.34193548387097,90.38709677419355,498.9,4.370967741935484,,0
2020,8,전남,31.5,26.951612903225808,88.61290322580645,214.9,3.832258064516129,,0
2020,8,전북,33.0,27.048387096774192,85.45161290322581,483.8,6.103225806451613,,0
2020,8,제주,34.2,28.258064516129032,84.25806451612904,226.7,4.812903225806452,,0
2020,8,충남,32.5,25.91290322580645,86.61290322580645,443.09999999999997,5.961290322580646,,0
2020,8,충북,33.1,26.53548387096774,86.16129032258064,437.2,6.106451612903226,충북,1
2020,9,강원,27.9,19.21333333333333,80.4,202.2,8.036666666666667,,0
2020,9,경기,29.1,19.58,78.83333333333333,189.29999999999998,7.583333333333333,,0
2020,9,경남,29.9,21.216666666666665,80.53333333333333,267.6,6.13,,0
2020,9,경북,27.2,19.453333333333333,79.0,204.0,7.156666666666667,,0
2020,9,광주,31.1,20.58,83.1,220.9,7.986666666666666,,0
2020,9,대구,28.5,20.470000000000002,82.66666666666667,227.4,7.6899999999999995,,0
2020,9,대전,29.5,19.813333333333333,79.66666666666667,171.0,7.543333333333334,,0
2020,9,부산,28.6,21.233333333333334,80.36666666666666,230.6,5.46,부산,1
2020,9,서울,28.0,19.566666666666666,79.13333333333334,215.6,7.31,,0
2020,9,세종,30.2,20.186666666666667,78.73333333333333,173.29999999999998,8.0,,0
2020,9,울산,28.7,20.5,81.7,272.1,6.393333333333333,울산,2
2020,9,인천,28.8,20.326666666666664,77.36666666666666,198.0,6.193333333333333,,0
2020,9,전남,30.4,21.5,83.93333333333334,279.3,5.17,,0
2020,9,전북,30.9,20.709999999999997,79.86666666666666,198.6,7.923333333333333,,0
2020,9,제주,29.7,22.14333333333333,83.43333333333334,713.9,4.263333333333334,,0
2020,9,충남,29.9,19.796666666666667,78.2,191.4,7.666666666666667,,0
2020,9,충북,30.2,20.103333333333335,79.23333333333333,199.70000000000002,7.983333333333333,,0
2020,10,강원,23.0,12.158064516129032,70.29032258064517,4.800000000000001,11.141935483870967,,0
2020,10,경기,22.8,12.635483870967741,67.64516129032258,6.3,10.03225806451613,,0
2020,10,경남,24.5,15.600000000000001,66.51612903225806,23.5,8.37741935483871,,0
2020,10,경북,23.2,13.19032258064516,67.7741935483871,4.9,9.951612903225806,,0
2020,10,광주,24.6,14.274193548387096,68.80645161290323,19.4,10.383870967741935,,0
2020,10,대구,25.2,14.516129032258064,67.87096774193549,17.099999999999998,10.02258064516129,,0
2020,10,대전,22.8,13.09032258064516,67.19354838709677,11.200000000000001,10.14516129032258,,0
2020,10,부산,24.0,15.66451612903226,67.87096774193549,29.3,8.17741935483871,,0
2020,10,서울,22.5,12.574193548387097,68.19354838709677,11.700000000000001,10.112903225806452,서울,1
2020,10,세종,23.3,13.109677419354838,69.38709677419355,11.7,10.596774193548388,,0
2020,10,울산,24.8,14.741935483870968,68.6774193548387,25.8,9.025806451612903,,0
2020,10,인천,22.4,13.525806451612903,65.83870967741936,8.6,8.406451612903227,,0
2020,10,전남,23.2,15.587096774193547,69.58064516129032,16.0,6.890322580645161,,0
2020,10,전북,24.4,14.05483870967742,68.74193548387096,10.8,10.048387096774194,,0
2020,10,제주,23.9,16.990322580645163,75.70967741935483,58.800000000000004,4.425806451612903,,0
2020,10,충남,23.2,12.816129032258065,67.90322580645162,26.4,9.719354838709679,,0
2020,10,충북,23.4,12.996774193548386,69.41935483870968,12.6,10.59032258064516,,0
2020,11,강원,19.7,6.1899999999999995,69.16666666666667,48.699999999999996,10.073333333333332,강원,1
2020,11,경기,19.2,6.3533333333333335,69.86666666666666,50.1,9.083333333333334,경기,1
2020,11,경남,21.2,10.343333333333334,62.266666666666666,43.400000000000006,8.56,,0
2020,11,경북,21.0,7.6,64.63333333333334,27.9,9.723333333333333,,0
2020,11,광주,22.7,9.520000000000001,67.53333333333333,50.5,9.5,,0
2020,11,대구,22.3,9.036666666666665,63.46666666666667,21.900000000000002,10.016666666666667,,0
2020,11,대전,21.5,7.6433333333333335,66.8,52.9,9.453333333333331,,0
2020,11,부산,20.8,10.25,64.0,44.9,8.6,,0
2020,11,서울,19.1,6.236666666666666,69.56666666666666,66.1,9.376666666666667,,0
2020,11,세종,21.1,7.636666666666667,68.4,37.7,9.513333333333332,,0
2020,11,울산,21.8,9.386666666666667,63.5,26.6,10.473333333333333,,0
2020,11,인천,18.9,7.246666666666667,67.96666666666667,60.2,7.9399999999999995,,0
2020,11,전남,22.0,10.97,69.86666666666666,43.800000000000004,6.6466666666666665,,0
2020,11,전북,22.3,8.943333333333333,67.7,58.9,9.143333333333334,,0
2020,11,제주,23.7,12.903333333333334,77.13333333333334,51.4,5.493333333333334,,0
2020,11,충남,20.1,7.1433333333333335,68.1,37.5,8.633333333333333,,0
2020,11,충북,21.5,7.430000000000001,68.1,48.4,9.639999999999999,,0
2020,12,강원,9.1,-1.896774193548387,58.483870967741936,4.1,8.303225806451612,,0
2020,12,경기,9.1,-1.729032258064516,60.774193548387096,4.9,8.393548387096773,,0
2020,12,경남,12.5,2.3483870967741933,53.25806451612903,10.1,8.748387096774193,,0
2020,12,경북,9.9,-0.9322580645161291,57.41935483870968,2.5,8.616129032258065,,0
2020,12,광주,12.3,1.6225806451612903,65.12903225806451,18.3,9.693548387096774,,0
2020,12,대구,11.5,0.6677419354838711,56.354838709677416,4.2,9.754838709677419,,0
2020,12,대전,10.4,-0.5516129032258065,63.225806451612904,3.4,8.761290322580646,,0
2020,12,부산,13.1,2.1548387096774193,54.32258064516129,12.5,9.193548387096774,,0
2020,12,서울,9.2,-2.167741935483871,60.58064516129032,2.6999999999999997,8.364516129032259,,0
2020,12,세종,10.9,-0.5064516129032258,63.58064516129032,6.5,9.141935483870967,,0
2020,12,울산,14.6,1.3451612903225807,52.87096774193548,6.5,10.638709677419355,,0
2020,12,인천,9.0,-0.8161290322580645,59.903225806451616,6.9,7.377419354838709,,0
2020,12,전남,12.3,3.47741935483871,67.41935483870968,23.5,7.087096774193548,,0
2020,12,전북,11.5,1.0258064516129033,65.12903225806451,6.0,8.658064516129032,,0
2020,12,제주,13.9,6.435483870967742,75.29032258064517,72.89999999999999,5.064516129032258,,0
2020,12,충남,9.4,-1.0903225806451613,64.38709677419355,8.3,8.161290322580646,,0
2020,12,충북,10.1,-0.7096774193548387,61.96774193548387,4.5,8.658064516129032,,0
2021,1,강원,13.0,-3.641935483870968,52.774193548387096,13.1,10.083870967741936,,0
2021,1,경기,11.4,-3.361290322580645,55.806451612903224,17.2,9.52258064516129,,0
2021,1,경남,14.5,1.5290322580645161,57.645161290322584,24.9,9.077419354838709,,0
2021,1,경북,10.6,-2.1870967741935483,54.516129032258064,8.3,9.412903225806453,,0
2021,1,광주,15.1,0.2451612903225806,71.2258064516129,33.2,9.85483870967742,광주,1
2021,1,대구,14.7,-0.4,58.096774193548384,16.5,9.674193548387098,,0
2021,1,대전,12.2,-1.8548387096774193,62.25806451612903,16.5,9.587096774193547,,0
2021,1,부산,14.2,1.5935483870967742,57.87096774193548,30.9,9.019354838709678,,0
2021,1,서울,11.1,-3.870967741935484,54.70967741935484,16.7,9.274193548387096,,0
2021,1,세종,12.1,-1.7000000000000002,60.25806451612903,16.1,9.86774193548387,,0
2021,1,울산,15.3,0.42258064516129035,56.25806451612903,30.6,9.958064516129031,,0
2021,1,인천,11.2,-2.838709677419355,55.16129032258065,18.0,8.416129032258064,인천,1
2021,1,전남,13.8,2.261290322580645,71.64516129032258,38.699999999999996,7.45483870967742,,0
2021,1,전북,15.2,0.09032258064516129,65.29032258064517,28.0,9.403225806451612,,0
2021,1,제주,16.9,5.6,74.48387096774194,116.2,5.290322580645161,,0
2021,1,충남,11.3,-2.551612903225806,60.645161290322584,22.2,9.393548387096773,,0
2021,1,충북,12.4,-1.7516129032258065,59.064516129032256,16.400000000000002,9.793548387096775,,0
2021,2,강원,17.0,0.9392857142857143,57.57142857142857,7.3,11.485714285714286,,0
2021,2,경기,16.9,0.9214285714285716,61.642857142857146,10.3,10.832142857142857,,0
2021,2,경남,18.0,5.375,59.25,45.5,9.875,,0
2021,2,경북,21.0,2.0357142857142856,55.857142857142854,16.3,11.132142857142856,,0
2021,2,광주,20.6,4.257142857142857,63.892857142857146,27.4,10.87857142857143,,0
2021,2,대구,23.5,4.121428571428572,55.892857142857146,23.400000000000002,11.582142857142857,,0
2021,2,대전,18.9,2.417857142857143,61.5,20.2,10.960714285714285,,0
2021,2,부산,17.5,5.553571428571429,61.035714285714285,46.6,9.114285714285714,,0
2021,2,서울,16.0,0.4821428571428571,61.857142857142854,11.6,11.167857142857143,,0
2021,2,세종,18.5,2.5,61.214285714285715,14.4,11.064285714285715,,0
2021,2,울산,22.3,4.825,56.607142857142854,39.4,11.542857142857143,,0
2021,2,인천,14.8,1.114285714285714,63.5,12.2,9.164285714285715,,0
2021,2,전남,15.2,4.889285714285714,70.96428571428571,33.699999999999996,7.167857142857143,,0
2021,2,전북,21.7,3.7178571428571425,62.857142857142854,23.299999999999997,10.803571428571429,,0
2021,2,제주,20.9,8.075,74.28571428571429,81.1,6.364285714285714,,0
2021,2,충남,18.8,1.7928571428571427,62.535714285714285,11.1,10.485714285714286,,0
2021,2,충북,19.0,2.457142857142857,61.32142857142857,14.5,11.200000000000001,,0
2021,3,강원,20.2,6.716129032258064,69.16129032258064,100.8,12.329032258064515,,0
2021,3,경기,19.8,6.603225806451612,73.06451612903226,99.7,11.229032258064517,경기,1
2021,3,경남,20.7,10.019354838709678,70.61290322580645,150.0,9.509677419354839,,0
2021,3,경북,21.9,7.661290322580645,65.87096774193549,105.3,11.396774193548387,,0
2021,3,광주,22.2,8.974193548387097,72.48387096774194,109.19999999999999,12.387096774193548,,0
2021,3,대구,24.1,9.474193548387097,66.12903225806451,98.7,11.529032258064516,,0
2021,3,대전,22.6,8.09032258064516,67.80645161290323,102.5,12.148387096774194,,0
2021,3,부산,19.5,10.12258064516129,72.09677419354838,154.4,8.429032258064517,,0
2021,3,서울,19.2,6.72258064516129,71.93548387096774,94.7,11.09032258064516,,0
2021,3,세종,21.9,8.183870967741935,68.29032258064517,96.5,11.996774193548386,,0
2021,3,울산,21.0,9.067741935483872,70.70967741935483,122.19999999999999,10.719354838709679,,0
2021,3,인천,17.2,6.387096774193548,76.58064516129032,96.5,8.929032258064517,,0
2021,3,전남,19.7,8.796774193548387,80.03225806451613,103.7,7.241935483870968,,0
2021,3,전북,22.9,8.941935483870967,71.48387096774194,88.5,11.641935483870967,,0
2021,3,제주,21.1,11.364516129032259,77.87096774193549,181.2,7.164516129032258,,0
2021,3,충남,21.0,7.358064516129032,70.12903225806451,86.7,11.529032258064515,,0
2021,3,충북,22.0,8.235483870967743,69.3225806451613,97.4,11.961290322580645,,0
2021,4,강원,25.4,11.433333333333334,65.43333333333334,87.0,12.379999999999999,강원,1
2021,4,경기,26.4,11.82,63.36666666666667,81.39999999999999,10.876666666666667,,0
2021,4,경남,24.5,13.663333333333332,62.96666666666667,80.8,9.62,,0
2021,4,경북,26.4,11.95,57.96666666666667,80.60000000000001,11.616666666666667,,0
2021,4,광주,27.2,13.766666666666667,57.46666666666667,68.1,12.156666666666666,,0
2021,4,대구,29.4,13.786666666666667,56.166666666666664,62.7,12.22,,0
2021,4,대전,28.8,13.223333333333333,56.13333333333333,78.89999999999999,11.883333333333333,,0
2021,4,부산,22.2,13.326666666666666,67.33333333333333,93.3,8.34,,0
2021,4,서울,24.6,11.94,64.56666666666666,91.0,10.513333333333332,,0
2021,4,세종,29.0,13.416666666666666,56.3,70.4,11.973333333333333,,0
2021,4,울산,23.6,12.54,66.06666666666666,85.1,10.643333333333334,,0
2021,4,인천,23.4,11.836666666666668,67.23333333333333,87.10000000000001,8.493333333333334,,0
2021,4,전남,23.5,13.076666666666666,69.56666666666666,67.5,6.883333333333334,,0
2021,4,전북,28.2,13.9,57.13333333333333,65.3,11.623333333333333,,0
2021,4,제주,22.5,14.24,72.96666666666667,96.9,6.556666666666667,,0
2021,4,충남,27.5,12.586666666666668,58.06666666666667,69.2,11.346666666666666,,0
2021,4,충북,29.1,13.65,53.666666666666664,67.9,11.996666666666668,,0
2021,5,강원,27.9,15.154838709677419,75.25806451612904,192.2,11.370967741935484,,0
2021,5,경기,28.0,15.025806451612903,76.70967741935483,179.2,10.09032258064516,경기,1
2021,5,경남,26.2,17.467741935483872,72.25806451612904,167.6,7.958064516129032,,0
2021,5,경북,28.6,15.961290322580645,67.93548387096774,187.9,10.5,,0
2021,5,광주,31.4,17.616129032258065,68.0,131.3,11.73225806451613,,0
2021,5,대구,30.8,17.938709677419357,65.38709677419355,140.0,11.358064516129033,,0
2021,5,대전,31.6,16.548387096774192,69.3225806451613,145.9,10.619354838709677,대전,1
2021,5,부산,24.6,16.980645161290322,75.64516129032258,170.5,7.032258064516129,,0
2021,5,서울,27.5,15.229032258064517,77.06451612903226,215.5,9.619354838709677,,0
2021,5,세종,30.8,16.77741935483871,69.54838709677419,141.7,10.693548387096774,,0
2021,5,울산,28.8,16.838709677419356,71.19354838709677,138.0,10.432258064516128,,0
2021,5,인천,25.4,15.187096774193549,78.54838709677419,206.0,7.593548387096774,,0
2021,5,전남,25.6,16.92258064516129,76.80645161290323,123.7,6.848387096774194,,0
2021,5,전북,31.1,17.322580645161292,70.45161290322581,141.5,10.693548387096774,,0
2021,5,제주,28.2,18.44193548387097,76.45161290322581,149.1,6.848387096774193,제주,1
2021,5,충남,30.3,15.94516129032258,71.03225806451613,181.5,10.506451612903225,,0
2021,5,충북,31.5,16.970967741935485,68.96774193548387,139.1,10.832258064516129,,0
2021,6,강원,30.0,21.029999999999998,80.13333333333334,77.6,9.379999999999999,강원,1
2021,6,경기,30.0,20.903333333333332,81.56666666666666,83.0,8.876666666666667,,0
2021,6,경남,30.5,21.743333333333332,80.36666666666666,119.3,6.613333333333333,경남,1
2021,6,경북,30.5,21.389999999999997,73.56666666666666,103.2,8.936666666666667,,0
2021,6,광주,33.7,22.876666666666665,73.63333333333334,174.4,10.243333333333334,,0
2021,6,대구,34.1,22.92,73.76666666666667,153.3,10.123333333333333,,0
2021,6,대전,32.3,22.123333333333335,74.9,115.3,9.413333333333332,,0
2021,6,부산,28.5,21.246666666666666,83.03333333333333,135.9,5.263333333333334,,0
2021,6,서울,29.3,21.053333333333335,81.6,78.2,7.8066666666666675,서울,1
2021,6,세종,32.2,22.39,74.86666666666666,89.5,9.536666666666667,,0
2021,6,울산,30.9,21.14333333333333,81.06666666666666,107.6,7.83,,0
2021,6,인천,27.5,20.523333333333333,85.36666666666666,79.8,6.743333333333333,,0
2021,6,전남,29.6,22.02,82.1,169.2,5.53,,0
2021,6,전북,33.5,22.826666666666664,74.36666666666666,124.4,9.3,,0
2021,6,제주,28.1,22.926666666666666,82.9,177.4,5.53,,0
2021,6,충남,31.6,21.626666666666665,77.5,77.0,9.536666666666667,,0
2021,6,충북,32.3,22.626666666666665,74.46666666666667,109.0,9.42,,0
2021,7,강원,35.2,26.458064516129035,79.06451612903226,162.4,8.948387096774194,,0
2021,7,경기,35.6,26.25483870967742,78.25806451612904,145.1,8.093548387096774,,0
2021,7,경남,31.3,25.94516129032258,85.48387096774194,252.1,5.351612903225806,,0
2021,7,경북,35.2,25.690322580645162,78.06451612903226,205.3,8.332258064516129,,0
2021,7,광주,34.5,26.425806451612903,80.64516129032258,372.0,7.858064516129032,,0
2021,7,대구,36.6,26.47741935483871,81.83870967741936,329.4,7.812903225806452,대구,1
2021,7,대전,37.2,26.75483870967742,74.7741935483871,157.0,8.783870967741937,,0
2021,7,부산,30.1,25.638709677419353,86.80645161290323,232.1,4.32258064516129,부산,1
2021,7,서울,35.0,26.44193548387097,78.74193548387096,130.0,7.496774193548387,서울,1
2021,7,세종,38.0,27.006451612903227,75.06451612903226,162.6,8.69032258064516,,0
2021,7,울산,32.8,25.490322580645163,85.58064516129032,287.8,6.283870967741935,,0
2021,7,인천,33.2,26.08709677419355,81.90322580645162,114.5,6.254838709677419,,0
2021,7,전남,32.2,26.23548387096774,84.12903225806451,191.8,5.0516129032258075,,0
2021,7,전북,35.0,26.82903225806452,78.61290322580645,280.5,7.780645161290322,,0
2021,7,제주,31.9,26.893548387096775,85.54838709677419,226.4,4.574193548387097,,0
2021,7,충남,36.0,26.638709677419353,75.12903225806451,190.0,8.687096774193549,충남,1
2021,7,충북,38.3,27.27741935483871,74.48387096774194,185.0,8.938709677419356,,0
2021,8,강원,33.1,24.312903225806455,80.96774193548387,248.7,7.5838709677419365,,0
2021,8,경기,31.8,24.519354838709678,80.09677419354838,251.89999999999998,7.148387096774194,,0
2021,8,경남,33.4,25.700000000000003,86.12903225806451,351.7,5.04516129032258,,0
2021,8,경북,34.3,24.138709677419353,81.64516129032258,357.6,6.425806451612903,,0
2021,8,광주,34.4,25.706451612903226,82.54838709677419,284.8,7.796774193548386,,0
2021,8,대구,35.5,25.148387096774194,85.64516129032258,331.0,6.919354838709677,,0
2021,8,대전,34.2,24.990322580645163,78.58064516129032,285.4,7.65483870967742,,0
2021,8,부산,32.7,25.574193548387097,86.16129032258064,346.9,4.474193548387097,부산,1
2021,8,서울,31.5,24.74516129032258,78.6774193548387,284.6,6.9,서울,1
2021,8,세종,34.2,25.18064516129032,79.09677419354838,275.59999999999997,7.551612903225807,,0
2021,8,울산,32.2,24.919354838709676,86.09677419354838,471.0,5.851612903225806,,0
2021,8,인천,31.6,24.929032258064513,80.58064516129032,286.7,6.103225806451613,인천,1
2021,8,전남,32.2,26.154838709677417,83.90322580645162,232.3,5.116129032258065,전남,1
2021,8,전북,34.4,25.406451612903226,83.06451612903226,328.5,7.458064516129032,,0
2021,8,제주,31.3,26.519354838709678,87.7741935483871,408.7,4.283870967741936,,0
2021,8,충남,33.5,24.851612903225806,77.87096774193549,252.29999999999998,7.774193548387097,,0
2021,8,충북,36.3,25.483870967741936,77.51612903225806,251.29999999999998,7.883870967741935,,0
2021,9,강원,28.2,20.6,80.73333333333333,189.9,8.56,강원,1
2021,9,경기,27.6,21.016666666666666,78.86666666666666,165.6,7.513333333333333,,0
2021,9,경남,28.8,22.376666666666665,82.23333333333333,184.3,5.766666666666667,,0
2021,9,경북,28.0,20.336666666666666,80.53333333333333,154.7,6.9399999999999995,,0
2021,9,광주,29.3,22.290000000000003,81.93333333333334,153.8,7.496666666666666,,0
2021,9,대구,29.4,21.636666666666667,82.53333333333333,120.6,7.260000000000001,,0
2021,9,대전,27.6,21.183333333333334,79.8,183.4,7.403333333333333,,0
2021,9,부산,27.4,22.46333333333333,82.0,212.79999999999998,4.763333333333334,,0
2021,9,서울,28.4,21.113333333333333,78.33333333333333,176.8,7.586666666666667,,0
2021,9,세종,28.5,21.509999999999998,79.46666666666667,195.6,7.779999999999999,,0
2021,9,울산,28.5,21.663333333333334,83.0,221.6,5.95,,0
2021,9,인천,28.2,21.58,77.86666666666666,150.2,6.816666666666666,,0
2021,9,전남,27.9,22.783333333333335,83.1,176.5,5.086666666666667,,0
2021,9,전북,29.3,22.403333333333332,79.4,203.2,7.676666666666667,,0
2021,9,제주,30.5,24.053333333333335,87.43333333333334,568.6,4.07,,0
2021,9,충남,27.8,21.053333333333335,79.7,180.4,7.626666666666666,,0
2021,9,충북,28.0,21.516666666666666,79.8,185.3,7.9,,0
2021,10,강원,27.1,14.009677419354839,79.16129032258064,70.1,9.138709677419355,,0
2021,10,경기,27.2,14.083870967741936,76.87096774193549,61.4,8.816129032258065,,0
2021,10,경남,27.5,17.04516129032258,74.6774193548387,31.8,8.135483870967741,,0
2021,10,경북,27.4,14.67741935483871,77.51612903225806,62.900000000000006,8.793548387096775,,0
2021,10,광주,28.6,15.719354838709679,77.09677419354838,41.0,10.338709677419354,,0
2021,10,대구,29.5,16.04193548387097,76.58064516129032,58.8,9.748387096774193,,0
2021,10,대전,28.9,14.609677419354838,75.7741935483871,42.300000000000004,9.438709677419356,,0
2021,10,부산,26.1,17.103225806451615,76.35483870967742,30.0,7.83225806451613,,0
2021,10,서울,26.7,14.006451612903225,77.0,67.7,8.606451612903227,,0
2021,10,세종,29.0,14.8,76.2258064516129,45.0,9.600000000000001,,0
2021,10,울산,28.8,16.26451612903226,76.96774193548387,66.3,9.02258064516129,,0
2021,10,인천,25.9,14.73225806451613,75.29032258064517,53.8,7.635483870967741,,0
2021,10,전남,27.8,17.04516129032258,77.90322580645162,33.6,6.958064516129032,,0
2021,10,전북,29.6,15.716129032258063,75.80645161290323,43.8,9.509677419354839,,0
2021,10,제주,30.2,18.970967741935485,80.3225806451613,69.39999999999999,5.17741935483871,,0
2021,10,충남,28.6,14.448387096774193,75.83870967741936,46.199999999999996,8.951612903225806,,0
2021,10,충북,29.2,15.01290322580645,75.29032258064517,42.9,9.332258064516129,,0
2021,11,강원,19.9,5.916666666666667,73.8,43.1,9.983333333333333,,0
2021,11,경기,19.5,6.463333333333334,75.73333333333333,59.9,9.746666666666666,경기,2
2021,11,경남,20.2,10.389999999999999,66.53333333333333,43.300000000000004,9.49,,0
2021,11,경북,17.9,7.053333333333333,73.1,34.3,10.036666666666667,경북,1
2021,11,광주,21.7,9.026666666666667,76.2,64.1,10.503333333333334,,0
2021,11,대구,19.4,8.82,70.66666666666667,51.9,10.473333333333333,,0
2021,11,대전,19.8,7.6033333333333335,75.36666666666666,55.7,10.17,,0
2021,11,부산,20.1,10.373333333333333,67.5,49.599999999999994,9.3,,0
2021,11,서울,19.1,6.159999999999999,75.93333333333334,59.5,9.770000000000001,,0
2021,11,세종,20.1,7.576666666666667,76.13333333333334,53.5,10.653333333333334,,0
2021,11,울산,19.6,8.653333333333334,72.0,46.2,11.92,,0
2021,11,인천,19.5,7.533333333333333,72.96666666666667,63.0,8.42,,0
2021,11,전남,20.7,11.016666666666667,75.06666666666666,70.4,6.933333333333334,전남,1
2021,11,전북,21.6,8.933333333333334,76.76666666666667,87.0,9.376666666666667,,0
2021,11,제주,20.6,12.72,74.56666666666666,111.7,5.516666666666667,,0
2021,11,충남,19.6,7.196666666666667,76.2,61.6,9.516666666666667,,0
2021,11,충북,20.5,7.77,73.96666666666667,53.5,10.270000000000001,,0
2021,12,강원,11.3,-0.6161290322580646,64.16129032258064,4.6,8.861290322580645,,0
2021,12,경기,10.6,-0.6903225806451614,65.35483870967742,8.1,9.283870967741937,,0
2021,12,경남,15.0,3.861290322580645,60.0,2.3000000000000003,9.006451612903225,,0
2021,12,경북,12.6,0.5129032258064516,63.67741935483871,0.30000000000000004,9.35483870967742,,0
2021,12,광주,14.4,2.8677419354838714,70.90322580645162,3.8,9.916129032258064,광주,1
2021,12,대구,14.2,2.1225806451612903,62.54838709677419,1.4000000000000001,10.083870967741936,,0
2021,12,대전,13.1,0.6935483870967742,69.6774193548387,3.2,9.8,,0
2021,12,부산,14.8,3.732258064516129,60.806451612903224,2.6,9.429032258064517,,0
2021,12,서울,10.6,-1.2580645161290323,66.19354838709677,11.100000000000001,9.26774193548387,,0
2021,12,세종,13.8,0.7774193548387097,68.96774193548387,6.5,10.219354838709679,,0
2021,12,울산,16.6,2.487096774193548,61.03225806451613,3.5,10.790322580645162,,0
2021,12,인천,10.4,0.18387096774193548,64.06451612903226,10.6,8.77741935483871,,0
2021,12,전남,13.2,5.15483870967742,71.0,9.0,6.870967741935484,,0
2021,12,전북,14.0,2.5064516129032257,70.35483870967742,16.2,9.180645161290323,,0
2021,12,제주,14.9,7.564516129032258,75.83870967741936,80.1,4.825806451612903,,0
2021,12,충남,12.2,0.23225806451612901,68.64516129032258,6.0,9.32258064516129,,0
2021,12,충북,13.3,0.6806451612903226,66.64516129032258,8.299999999999999,9.974193548387097,,0
2022,1,강원,8.4,-2.8161290322580643,54.0,4.7,9.080645161290322,,0
2022,1,경기,7.9,-3.1451612903225805,55.16129032258065,6.4,8.62258064516129,,0
2022,1,경남,12.2,1.6225806451612903,47.25806451612903,1.2,9.519354838709678,,0
2022,1,경북,9.3,-1.7870967741935484,54.16129032258065,0.9,9.264516129032257,,0
2022,1,광주,11.6,0.12258064516129033,64.51612903225806,3.2,9.209677419354838,,0
2022,1,대구,11.8,-0.06774193548387102,51.03225806451613,1.7,9.806451612903226,,0
2022,1,대전,8.9,-1.961290322580645,58.38709677419355,3.3000000000000003,9.383870967741935,,0
2022,1,부산,11.5,1.7548387096774194,46.806451612903224,1.2,9.864516129032259,,0
2022,1,서울,7.5,-3.4741935483870967,54.32258064516129,5.6,8.780645161290321,,0
2022,1,세종,9.2,-1.7483870967741937,56.96774193548387,3.0,9.548387096774194,,0
2022,1,울산,11.9,0.8870967741935484,49.0,1.7,10.719354838709679,,0
2022,1,인천,8.0,-2.732258064516129,55.483870967741936,6.5,7.587096774193548,,0
2022,1,전남,10.1,1.6483870967741936,69.45161290322581,8.2,6.212903225806452,,0
2022,1,전북,11.0,-0.5225806451612903,62.03225806451613,7.1,8.86774193548387,,0
2022,1,제주,11.4,4.754838709677419,79.61290322580645,71.3,4.254838709677419,,0
2022,1,충남,8.7,-2.541935483870968,59.54838709677419,3.6,8.661290322580646,,0
2022,1,충북,9.6,-1.832258064516129,56.67741935483871,3.7,9.461290322580645,,0
2022,2,강원,10.0,-2.0285714285714285,49.964285714285715,6.800000000000001,9.532142857142857,,0
2022,2,경기,9.6,-2.2785714285714285,56.67857142857143,2.8000000000000003,9.142857142857142,,0
2022,2,경남,12.6,1.917857142857143,45.214285714285715,2.5,9.682142857142859,,0
2022,2,경북,11.6,-1.3214285714285714,47.785714285714285,2.6,9.914285714285715,,0
2022,2,광주,15.0,0.7357142857142858,58.32142857142857,3.7,9.939285714285715,,0
2022,2,대구,14.4,0.5821428571428572,46.75,1.0,10.514285714285714,,0
2022,2,대전,11.4,-1.092857142857143,55.75,1.6,9.585714285714285,,0
2022,2,부산,12.4,2.15,43.964285714285715,4.1,9.671428571428573,,0
2022,2,서울,9.2,-2.5714285714285716,56.142857142857146,3.6999999999999997,9.407142857142857,서울,1
2022,2,세종,11.6,-0.8392857142857143,55.785714285714285,2.7,9.782142857142857,,0
2022,2,울산,15.4,1.4000000000000001,43.42857142857143,3.3,10.432142857142859,,0
2022,2,인천,8.8,-1.7857142857142858,58.142857142857146,4.800000000000001,7.489285714285715,,0
2022,2,전남,11.4,2.0214285714285714,63.214285714285715,4.5,6.417857142857143,,0
2022,2,전북,13.1,0.03214285714285709,58.07142857142857,5.6,9.657142857142857,,0
2022,2,제주,12.7,3.925,70.03571428571429,58.3,4.9071428571428575,,0
2022,2,충남,10.4,-1.7428571428571427,59.964285714285715,4.6000000000000005,8.925,,0
2022,2,충북,11.6,-0.9392857142857143,54.392857142857146,4.0,9.585714285714285,,0
2022,3,강원,18.6,5.619354838709677,66.16129032258064,82.5,12.174193548387098,,0
2022,3,경기,19.9,5.380645161290323,70.03225806451613,69.8,11.216129032258063,,0
2022,3,경남,19.8,9.087096774193547,67.7741935483871,94.0,9.980645161290322,,0
2022,3,경북,19.8,6.851612903225806,61.29032258064516,75.5,12.100000000000001,,0
2022,3,광주,22.6,8.164516129032258,69.6774193548387,94.7,12.62258064516129,,0
2022,3,대구,22.4,8.741935483870968,61.58064516129032,62.4,12.464516129032258,,0
2022,3,대전,21.6,6.9,67.48387096774194,95.0,12.316129032258065,대전,1
2022,3,부산,17.9,9.17741935483871,68.74193548387096,99.0,8.929032258064517,,0
2022,3,서울,19.0,5.219354838709678,69.90322580645162,81.1,11.461290322580645,,0
2022,3,세종,21.2,7.145161290322581,67.06451612903226,70.89999999999999,12.361290322580645,,0
2022,3,울산,21.6,8.735483870967743,63.38709677419355,93.39999999999999,12.109677419354838,,0
2022,3,인천,18.1,5.216129032258064,72.70967741935483,80.7,9.261290322580646,,0
2022,3,전남,19.1,8.087096774193547,76.38709677419355,89.3,7.712903225806452,,0
2022,3,전북,21.5,7.809677419354839,70.41935483870968,99.2,11.51290322580645,,0
2022,3,제주,20.4,10.258064516129032,76.54838709677419,182.20000000000002,7.458064516129032,,0
2022,3,충남,20.2,6.193548387096774,70.3225806451613,58.800000000000004,11.506451612903225,,0
2022,3,충북,22.1,7.416129032258064,65.45161290322581,81.6,12.235483870967743,,0
2022,4,강원,27.7,12.346666666666666,58.666666666666664,30.099999999999998,13.906666666666666,,0
2022,4,경기,24.5,11.586666666666668,68.0,38.4,12.253333333333334,경기,1
2022,4,경남,25.5,14.006666666666666,66.4,92.10000000000001,9.963333333333333,,0
2022,4,경북,28.8,13.51,52.93333333333333,45.8,13.423333333333334,,0
2022,4,광주,28.1,14.186666666666667,60.733333333333334,114.60000000000001,13.95,,0
2022,4,대구,30.1,15.023333333333333,54.8,66.7,13.47,,0
2022,4,대전,28.5,13.566666666666666,57.43333333333333,51.699999999999996,13.71,,0
2022,4,부산,23.4,13.68,69.43333333333334,124.1,8.593333333333334,,0
2022,4,서울,27.0,12.03,65.3,29.4,11.626666666666667,,0
2022,4,세종,28.0,13.723333333333333,58.766666666666666,49.300000000000004,13.866666666666667,,0
2022,4,울산,28.3,14.01,59.9,81.8,12.386666666666667,,0
2022,4,인천,23.0,11.3,72.43333333333334,36.2,8.586666666666668,,0
2022,4,전남,24.5,13.196666666666665,75.26666666666667,92.4,7.733333333333333,,0
2022,4,전북,28.2,13.886666666666667,63.1,53.5,12.753333333333334,,0
2022,4,제주,25.3,14.466666666666667,74.63333333333334,118.1,7.016666666666667,,0
2022,4,충남,27.1,12.843333333333334,59.766666666666666,47.5,13.386666666666667,,0
2022,4,충북,29.0,14.236666666666668,54.56666666666667,60.8,14.156666666666666,,0
2022,5,강원,31.1,17.32903225806452,55.96774193548387,11.8,14.46774193548387,,0
2022,5,경기,28.1,16.5258064516129,63.29032258064516,14.7,12.274193548387096,,0
2022,5,경남,32.4,19.019354838709678,58.483870967741936,9.9,10.85483870967742,,0
2022,5,경북,32.2,18.59032258064516,47.83870967741935,7.8,13.219354838709679,,0
2022,5,광주,32.9,18.741935483870968,55.74193548387097,4.9,14.325806451612904,,0
2022,5,대구,33.9,20.02258064516129,49.83870967741935,8.0,13.89032258064516,,0
2022,5,대전,31.6,18.364516129032257,51.903225806451616,8.8,13.45483870967742,,0
2022,5,부산,28.0,18.200000000000003,65.12903225806451,14.9,8.448387096774193,,0
2022,5,서울,28.4,17.029032258064515,60.516129032258064,17.900000000000002,11.964516129032257,,0
2022,5,세종,31.8,18.493548387096773,53.806451612903224,9.9,13.638709677419355,,0
2022,5,울산,33.6,18.9,54.806451612903224,16.8,12.67741935483871,,0
2022,5,인천,25.1,16.16774193548387,68.64516129032258,14.6,8.345161290322581,,0
2022,5,전남,26.4,17.51290322580645,70.3225806451613,6.2,7.82258064516129,,0
2022,5,전북,32.1,18.570967741935487,56.354838709677416,8.2,13.135483870967741,,0
2022,5,제주,27.8,18.26774193548387,70.41935483870968,16.4,6.8741935483870975,제주,1
2022,5,충남,31.1,17.68064516129032,55.32258064516129,11.7,13.403225806451612,,0
2022,5,충북,32.8,19.067741935483873,50.935483870967744,14.6,14.087096774193547,,0
2022,6,강원,33.6,21.723333333333336,74.46666666666667,313.9,10.06,,0
2022,6,경기,30.7,21.853333333333335,75.43333333333334,259.0,9.31,,0
2022,6,경남,29.3,21.93,80.63333333333334,166.20000000000002,7.03,,0
2022,6,경북,35.4,22.253333333333334,69.76666666666667,94.5,10.323333333333332,,0
2022,6,광주,34.4,23.323333333333334,74.86666666666666,150.9,9.526666666666667,,0
2022,6,대구,37.3,23.496666666666666,71.9,136.4,10.526666666666667,,0
2022,6,대전,34.8,22.88,72.23333333333333,112.0,10.103333333333333,,0
2022,6,부산,28.0,21.256666666666668,83.53333333333333,157.9,5.296666666666667,부산,1
2022,6,서울,33.0,21.876666666666665,75.33333333333333,334.3,8.753333333333332,,0
2022,6,세종,35.5,23.35666666666667,70.33333333333333,114.4,10.473333333333333,,0
2022,6,울산,33.3,22.316666666666666,75.73333333333333,123.2,8.25,,0
2022,6,인천,28.8,21.206666666666667,80.56666666666666,277.6,6.91,,0
2022,6,전남,28.9,22.096666666666668,83.46666666666667,140.5,5.17,,0
2022,6,전북,33.3,23.186666666666667,75.93333333333334,165.6,9.389999999999999,,0
2022,6,제주,30.5,22.876666666666665,86.73333333333333,171.20000000000002,5.266666666666667,,0
2022,6,충남,32.3,22.59333333333333,71.93333333333334,111.6,10.423333333333334,,0
2022,6,충북,36.5,23.59333333333333,69.76666666666667,152.1,10.716666666666667,,0
2022,7,강원,33.6,25.806451612903224,82.6774193548387,211.8,7.980645161290322,,0
2022,7,경기,33.0,25.44193548387097,83.16129032258064,195.9,7.348387096774194,,0
2022,7,경남,34.5,26.516129032258064,82.25806451612904,192.1,6.464516129032258,,0
2022,7,경북,35.2,25.64516129032258,78.6774193548387,207.9,7.903225806451613,,0
2022,7,광주,35.7,26.703225806451613,79.61290322580645,194.6,8.07741935483871,,0
2022,7,대구,37.4,27.14516129032258,78.2258064516129,199.6,8.851612903225806,,0
2022,7,대전,34.4,26.112903225806452,80.29032258064517,190.6,7.958064516129032,,0
2022,7,부산,31.1,25.90967741935484,84.87096774193549,170.4,5.035483870967742,,0
2022,7,서울,33.5,25.62258064516129,83.51612903225806,220.8,6.674193548387097,서울,2
2022,7,세종,34.7,26.483870967741936,79.38709677419355,174.4,8.20967741935484,,0
2022,7,울산,33.9,26.13225806451613,81.35483870967742,278.4,7.132258064516129,,0
2022,7,인천,33.5,25.32903225806452,86.64516129032258,206.5,5.396774193548388,,0
2022,7,전남,32.8,26.280645161290323,84.90322580645162,152.7,4.451612903225806,,0
2022,7,전북,35.3,26.403225806451612,82.6774193548387,256.6,7.535483870967742,,0
2022,7,제주,32.3,27.02258064516129,85.51612903225806,185.2,5.235483870967743,,0
2022,7,충남,33.8,25.80322580645161,80.96774193548387,208.2,8.158064516129032,,0
2022,7,충북,35.5,26.55483870967742,80.16129032258064,211.2,8.13225806451613,,0
2022,8,강원,31.6,24.270967741935483,84.87096774193549,398.2,6.590322580645162,,0
2022,8,경기,31.2,23.983870967741936,86.48387096774194,416.8,6.154838709677419,,0
2022,8,경남,32.9,26.25483870967742,83.41935483870968,205.8,5.77741935483871,경남,1
2022,8,경북,34.0,24.76774193548387,81.54838709677419,263.1,6.6483870967741945,,0
2022,8,광주,32.8,26.07741935483871,83.09677419354838,144.4,7.32258064516129,,0
2022,8,대구,36.0,26.225806451612904,81.3225806451613,192.0,7.896774193548388,,0
2022,8,대전,32.2,24.93548387096774,84.38709677419355,343.3,6.3193548387096765,,0
2022,8,부산,31.4,26.009677419354837,83.54838709677419,190.7,4.990322580645162,부산,1
2022,8,서울,31.6,24.048387096774192,85.74193548387096,464.1,5.9709677419354845,,0
2022,8,세종,33.0,25.24516129032258,83.38709677419355,319.1,6.677419354838711,,0
2022,8,울산,35.2,26.16774193548387,79.03225806451613,222.1,7.387096774193548,,0
2022,8,인천,31.9,24.287096774193547,86.41935483870968,471.5,5.012903225806451,,0
2022,8,전남,31.1,26.425806451612903,84.35483870967742,105.5,4.261290322580645,,0
2022,8,전북,33.7,26.003225806451614,83.87096774193549,216.8,6.516129032258065,,0
2022,8,제주,33.9,27.674193548387095,81.96774193548387,112.0,5.16774193548387,,0
2022,8,충남,32.0,24.519354838709678,84.6774193548387,401.20000000000005,6.509677419354838,,0
2022,8,충북,33.1,25.306451612903224,84.09677419354838,366.4,6.5838709677419365,,0
2022,9,강원,31.1,20.263333333333332,75.93333333333334,177.6,10.153333333333334,강원,1
2022,9,경기,30.7,20.31,76.13333333333334,177.60000000000002,9.423333333333334,,0
2022,9,경남,31.0,22.10666666666667,76.66666666666667,246.8,7.423333333333334,,0
2022,9,경북,30.5,20.226666666666667,75.86666666666666,80.0,8.620000000000001,,0
2022,9,광주,32.7,22.086666666666666,74.76666666666667,117.1,9.97,,0
2022,9,대구,32.1,21.39333333333333,77.36666666666666,167.2,8.919999999999998,,0
2022,9,대전,31.0,20.766666666666666,75.16666666666667,111.6,9.143333333333334,,0
2022,9,부산,29.8,22.06,77.43333333333334,221.5,6.293333333333334,,0
2022,9,서울,31.4,20.37,76.4,245.9,9.236666666666668,,0
2022,9,세종,31.5,21.076666666666664,74.56666666666666,106.9,9.74,,0
2022,9,울산,28.8,21.223333333333336,78.53333333333333,262.4,7.35,,0
2022,9,인천,30.4,20.766666666666666,76.53333333333333,210.79999999999998,8.15,,0
2022,9,전남,30.3,22.290000000000003,79.6,142.4,6.3,,0
2022,9,전북,32.4,21.896666666666665,74.7,145.9,9.323333333333332,,0
2022,9,제주,30.1,23.09333333333333,84.93333333333334,510.1,4.08,,0
2022,9,충남,30.9,20.78666666666667,74.0,129.70000000000002,9.343333333333334,,0
2022,9,충북,31.1,21.236666666666668,73.96666666666667,116.5,9.85,,0
2022,10,강원,25.7,12.264516129032257,77.90322580645162,150.6,9.77741935483871,,0
2022,10,경기,24.6,12.54516129032258,74.6774193548387,130.4,9.35483870967742,,0
2022,10,경남,28.4,16.12258064516129,66.38709677419355,16.0,8.69032258064516,,0
2022,10,경북,27.0,13.167741935483871,74.64516129032258,62.099999999999994,9.396774193548387,,0
2022,10,광주,29.9,14.961290322580645,66.70967741935483,23.4,11.235483870967743,,0
2022,10,대구,29.4,14.97741935483871,69.45161290322581,33.199999999999996,10.280645161290321,,0
2022,10,대전,28.5,13.451612903225806,72.90322580645162,49.4,9.548387096774194,,0
2022,10,부산,27.2,16.05483870967742,68.58064516129032,15.200000000000001,8.125806451612904,,0
2022,10,서울,24.9,12.316129032258065,75.90322580645162,195.3,9.206451612903225,,0
2022,10,세종,27.5,13.680645161290323,73.09677419354838,52.8,9.783870967741937,,0
2022,10,울산,29.0,15.070967741935483,70.0,35.0,9.254838709677419,울산,1
2022,10,인천,23.0,13.083870967741936,72.74193548387096,131.4,8.329032258064515,,0
2022,10,전남,27.0,15.564516129032258,71.90322580645162,19.299999999999997,7.090322580645162,전남,1
2022,10,전북,28.9,14.364516129032259,72.70967741935483,55.0,9.841935483870968,,0
2022,10,제주,28.5,17.258064516129032,76.6774193548387,64.39999999999999,4.719354838709678,,0
2022,10,충남,25.5,13.193548387096774,73.54838709677419,75.7,8.893548387096773,,0
2022,10,충북,27.1,13.738709677419354,73.96774193548387,63.7,9.625806451612902,,0
2022,11,강원,21.6,7.5633333333333335,73.26666666666667,67.6,11.360000000000001,,0
2022,11,경기,22.4,8.053333333333333,70.73333333333333,53.8,10.713333333333333,,0
2022,11,경남,21.5,11.976666666666667,61.833333333333336,42.2,10.216666666666667,,0
2022,11,경북,21.5,8.846666666666666,69.83333333333333,61.8,10.633333333333333,,0
2022,11,광주,24.3,10.553333333333335,68.8,59.9,12.576666666666666,,0
2022,11,대구,24.6,10.75,62.53333333333333,33.3,11.59,,0
2022,11,대전,24.6,8.74,70.7,50.0,11.336666666666668,,0
2022,11,부산,21.2,12.026666666666667,64.33333333333333,28.5,9.976666666666667,,0
2022,11,서울,22.2,7.79,72.2,59.400000000000006,10.746666666666666,,0
2022,11,세종,24.8,8.823333333333332,71.83333333333333,45.6,11.293333333333333,,0
2022,11,울산,22.2,11.036666666666667,63.166666666666664,45.5,12.09,,0
2022,11,인천,22.1,8.793333333333333,70.03333333333333,58.2,9.156666666666666,,0
2022,11,전남,21.8,11.713333333333333,74.46666666666667,74.8,8.586666666666668,,0
2022,11,전북,24.6,10.3,69.73333333333333,60.2,11.123333333333333,,0
2022,11,제주,22.9,14.120000000000001,79.96666666666667,131.7,6.006666666666666,제주,1
2022,11,충남,22.9,8.53,70.86666666666666,59.1,10.266666666666667,,0
2022,11,충북,23.7,8.95,70.56666666666666,58.699999999999996,10.97,,0
2022,12,강원,7.4,-4.090322580645161,54.12903225806452,7.6,8.290322580645162,,0
2022,12,경기,8.6,-4.187096774193549,57.193548387096776,15.8,8.561290322580646,,0
2022,12,경남,12.2,1.2483870967741937,52.67741935483871,11.3,8.422580645161291,,0
2022,12,경북,8.2,-2.512903225806452,58.516129032258064,9.1,8.048387096774194,,0
2022,12,광주,11.2,-0.7290322580645162,68.58064516129032,14.000000000000002,10.432258064516128,,0
2022,12,대구,11.2,-0.7838709677419355,56.193548387096776,8.0,9.287096774193548,,0
2022,12,대전,10.1,-2.8225806451612905,65.87096774193549,13.6,8.33548387096774,,0
2022,12,부산,12.8,1.2419354838709677,53.064516129032256,17.9,8.516129032258064,,0
2022,12,서울,7.8,-4.648387096774194,56.38709677419355,11.3,8.490322580645161,,0
2022,12,세종,10.6,-2.9967741935483874,66.6774193548387,13.5,9.09032258064516,,0
2022,12,울산,13.4,0.43225806451612897,52.0,12.4,9.674193548387096,,0
2022,12,인천,9.0,-3.232258064516129,54.74193548387097,12.700000000000001,7.574193548387097,,0
2022,12,전남,10.9,2.3419354838709676,68.29032258064517,22.6,6.838709677419355,,0
2022,12,전북,11.7,-0.6161290322580646,65.35483870967742,16.1,8.480645161290322,,0
2022,12,제주,13.1,5.751612903225807,74.41935483870968,86.4,4.287096774193548,제주,1
2022,12,충남,10.3,-4.006451612903226,67.38709677419355,19.9,8.577419354838709,,0
2022,12,충북,10.3,-3.5161290322580645,65.35483870967742,16.1,9.12258064516129,,0
2023,1,강원,11.4,-3.0548387096774197,57.03225806451613,34.300000000000004,9.7,,0
2023,1,경기,11.9,-2.7483870967741937,59.70967741935484,33.2,9.125806451612902,경기,1
2023,1,경남,16.3,1.803225806451613,56.70967741935484,73.3,9.48709677419355,,0
2023,1,경북,12.1,-1.6967741935483869,55.806451612903224,27.4,9.37741935483871,,0
2023,1,광주,16.1,0.40967741935483865,68.45161290322581,38.1,10.406451612903227,,0
2023,1,대구,17.0,0.22258064516129034,56.67741935483871,34.1,10.0,,0
2023,1,대전,13.2,-1.4129032258064516,64.54838709677419,36.800000000000004,9.712903225806452,,0
2023,1,부산,15.2,1.6709677419354838,57.41935483870968,62.5,9.509677419354839,,0
2023,1,서울,11.1,-3.5,60.32258064516129,36.3,9.651612903225805,,0
2023,1,세종,14.1,-1.264516129032258,63.903225806451616,32.5,9.787096774193548,,0
2023,1,울산,16.8,0.832258064516129,55.58064516129032,61.2,11.04516129032258,,0
2023,1,인천,11.8,-2.3129032258064517,59.516129032258064,39.400000000000006,8.229032258064516,,0
2023,1,전남,14.3,2.3774193548387097,71.12903225806451,34.3,7.696774193548387,,0
2023,1,전북,17.1,0.25483870967741923,65.70967741935483,38.6,9.535483870967743,,0
2023,1,제주,18.6,5.370967741935484,76.2258064516129,150.6,5.848387096774194,,0
2023,1,충남,12.8,-2.5354838709677416,66.45161290322581,29.5,9.735483870967743,,0
2023,1,충북,14.1,-1.2935483870967743,62.03225806451613,31.200000000000003,9.170967741935485,,0
2023,2,강원,11.7,0.46785714285714286,59.82142857142857,1.5,11.00357142857143,강원,1
2023,2,경기,9.9,0.42857142857142855,64.42857142857143,1.3000000000000003,9.903571428571428,,0
2023,2,경남,13.5,4.7821428571428575,59.142857142857146,40.1,10.014285714285714,,0
2023,2,경북,12.4,1.5535714285714286,59.42857142857143,11.0,10.87857142857143,,0
2023,2,광주,13.6,2.6607142857142856,65.60714285714286,25.1,11.639285714285714,,0
2023,2,대구,16.7,3.5107142857142857,58.82142857142857,18.7,11.153571428571428,,0
2023,2,대전,12.1,1.2642857142857142,64.10714285714286,4.9,10.914285714285715,,0
2023,2,부산,13.6,4.925,62.285714285714285,38.6,9.639285714285714,,0
2023,2,서울,9.4,0.06785714285714285,64.17857142857143,2.6,10.192857142857141,,0
2023,2,세종,12.3,1.417857142857143,63.964285714285715,3.8000000000000003,11.017857142857142,,0
2023,2,울산,15.4,4.1571428571428575,60.107142857142854,42.6,11.653571428571428,,0
2023,2,인천,9.5,0.5607142857142857,65.75,2.8,8.335714285714285,,0
2023,2,전남,11.6,3.0142857142857147,73.85714285714286,30.5,7.053571428571429,,0
2023,2,전북,13.0,2.475,65.71428571428571,11.600000000000001,11.032142857142857,,0
2023,2,제주,15.8,6.425,80.10714285714286,118.10000000000001,5.9678571428571425,,0
2023,2,충남,10.8,0.6428571428571429,67.28571428571429,2.6,9.935714285714285,,0
2023,2,충북,12.3,1.6214285714285714,64.67857142857143,3.9000000000000004,10.728571428571428,,0
2023,3,강원,22.3,7.609677419354839,57.774193548387096,22.099999999999998,14.225806451612904,,0
2023,3,경기,24.0,7.487096774193549,58.0,15.1,13.093548387096776,,0
2023,3,경남,23.8,10.641935483870967,65.64516129032258,71.4,10.69032258064516,,0
2023,3,경북,23.4,9.270967741935483,50.483870967741936,40.099999999999994,13.841935483870968,,0
2023,3,광주,24.8,9.764516129032257,58.0,52.0,14.612903225806452,,0
2023,3,대구,25.0,11.135483870967741,52.0,53.49999999999999,13.741935483870968,,0
2023,3,대전,25.4,9.316129032258065,51.70967741935484,22.900000000000002,14.029032258064515,,0
2023,3,부산,22.6,10.651612903225805,68.96774193548387,73.1,9.558064516129033,,0
2023,3,서울,22.0,7.17741935483871,60.83870967741935,18.1,12.80967741935484,,0
2023,3,세종,25.3,9.112903225806452,55.0,25.2,14.067741935483872,,0
2023,3,울산,25.5,10.338709677419354,60.516129032258064,67.7,13.0,,0
2023,3,인천,21.0,6.816129032258064,65.3225806451613,27.099999999999998,10.158064516129032,,0
2023,3,전남,20.0,8.754838709677419,72.35483870967742,66.9,8.687096774193549,,0
2023,3,전북,24.7,9.667741935483871,56.774193548387096,32.3,14.103225806451613,,0
2023,3,제주,21.4,11.109677419354838,72.03225806451613,66.0,7.451612903225806,,0
2023,3,충남,24.9,8.1,57.774193548387096,24.7,13.04516129032258,,0
2023,3,충북,25.6,9.5,52.83870967741935,27.299999999999997,14.087096774193547,,0
2023,4,강원,25.9,11.56,65.53333333333333,99.4,12.313333333333333,,0
2023,4,경기,26.7,11.956666666666667,63.8,99.6,11.756666666666666,,0
2023,4,경남,26.2,13.693333333333333,69.36666666666666,97.2,9.263333333333332,,0
2023,4,경북,26.2,12.34,59.96666666666667,66.2,12.436666666666667,,0
2023,4,광주,27.6,13.376666666666667,67.13333333333334,92.9,12.629999999999999,,0
2023,4,대구,28.6,13.986666666666668,62.1,54.2,12.1,,0
2023,4,대전,28.5,13.243333333333334,59.4,63.7,12.69,,0
2023,4,부산,23.8,13.663333333333332,71.23333333333333,96.7,7.863333333333333,,0
2023,4,서울,26.5,11.92,63.766666666666666,103.7,11.083333333333334,,0
2023,4,세종,28.0,13.383333333333333,60.3,58.1,12.816666666666666,,0
2023,4,울산,29.6,13.666666666666666,64.43333333333334,72.9,11.336666666666668,,0
2023,4,인천,23.5,11.773333333333333,67.2,96.5,8.923333333333334,,0
2023,4,전남,22.4,12.95,76.06666666666666,99.5,7.826666666666666,,0
2023,4,전북,26.7,13.65,63.9,88.1,12.106666666666666,,0
2023,4,제주,23.9,14.256666666666666,75.9,141.0,6.930000000000001,,0
2023,4,충남,26.1,12.44,62.9,62.6,12.06,,0
2023,4,충북,27.0,13.55,59.46666666666667,73.5,12.639999999999999,,0
2023,5,강원,29.3,17.258064516129032,67.74193548387096,127.5,12.36774193548387,강원,1
2023,5,경기,30.2,17.44516129032258,67.48387096774194,168.0,11.667741935483871,경기,1
2023,5,경남,25.9,17.638709677419353,77.41935483870968,300.8,8.332258064516129,,0
2023,5,경북,32.3,18.138709677419353,60.774193548387096,154.0,11.435483870967742,,0
2023,5,광주,31.4,18.43548387096774,72.19354838709677,170.1,11.154838709677419,,0
2023,5,대구,35.0,18.77741935483871,67.96774193548387,127.9,11.5,,0
2023,5,대전,31.8,18.509677419354837,63.516129032258064,129.1,12.019354838709678,,0
2023,5,부산,24.0,17.04516129032258,81.38709677419355,258.7,7.16774193548387,,0
2023,5,서울,27.9,17.274193548387096,70.83870967741936,166.8,10.719354838709679,,0
2023,5,세종,32.2,18.951612903225808,62.774193548387096,126.6,12.14516129032258,,0
2023,5,울산,30.5,17.429032258064513,73.12903225806451,223.9,10.167741935483871,,0
2023,5,인천,25.5,16.677419354838708,75.87096774193549,175.5,8.67741935483871,,0
2023,5,전남,25.9,17.34193548387097,84.16129032258064,209.1,6.403225806451613,전남,1
2023,5,전북,32.7,18.822580645161292,69.16129032258064,207.6,11.158064516129032,,0
2023,5,제주,27.8,18.861290322580647,79.48387096774194,368.4,6.141935483870968,,0
2023,5,충남,32.2,18.19677419354839,63.87096774193548,137.7,12.03225806451613,,0
2023,5,충북,33.5,19.46451612903226,59.12903225806452,143.9,12.37741935483871,,0
2023,6,강원,34.8,22.029999999999998,75.03333333333333,224.4,10.359999999999998,,0
2023,6,경기,35.0,21.526666666666664,77.76666666666667,230.9,9.206666666666667,,0
2023,6,경남,31.0,22.073333333333334,82.06666666666666,208.6,7.260000000000001,,0
2023,6,경북,33.0,22.376666666666665,70.73333333333333,241.3,10.16,,0
2023,6,광주,35.8,23.053333333333335,73.33333333333333,198.2,10.729999999999999,,0
2023,6,대구,35.9,23.790000000000003,71.2,187.6,11.146666666666668,,0
2023,6,대전,35.5,23.25,68.9,145.2,10.943333333333333,,0
2023,6,부산,28.6,21.540000000000003,84.86666666666666,314.5,5.760000000000001,,0
2023,6,서울,33.9,21.416666666666668,80.36666666666666,220.3,8.246666666666666,,0
2023,6,세종,35.4,23.546666666666667,68.53333333333333,160.4,10.863333333333335,,0
2023,6,울산,32.8,22.166666666666668,78.1,195.7,9.183333333333334,,0
2023,6,인천,30.9,20.796666666666667,85.56666666666666,222.4,6.386666666666667,,0
2023,6,전남,30.4,21.740000000000002,84.43333333333334,179.7,5.253333333333333,,0
2023,6,전북,36.0,23.146666666666665,73.3,191.1,10.55,,0
2023,6,제주,30.5,22.553333333333335,85.03333333333333,228.2,5.3966666666666665,,0
2023,6,충남,35.0,22.2,73.63333333333334,114.60000000000001,10.256666666666666,,0
2023,6,충북,35.8,23.740000000000002,67.96666666666667,149.3,10.973333333333334,,0
2023,7,강원,33.4,25.596774193548388,84.83870967741936,397.2,7.596774193548387,,0
2023,7,경기,33.2,24.958064516129035,86.45161290322581,418.5,6.758064516129033,,0
2023,7,경남,33.4,25.25483870967742,89.93548387096774,282.1,6.032258064516129,,0
2023,7,경북,33.7,25.093548387096774,83.74193548387096,382.1,7.367741935483871,,0
2023,7,광주,32.4,25.809677419354838,87.70967741935483,462.9,6.141935483870967,광주,1
2023,7,대구,35.0,26.219354838709677,85.80645161290323,390.5,7.574193548387096,대구,1
2023,7,대전,33.4,25.406451612903226,85.51612903225806,470.6,7.0451612903225795,,0
2023,7,부산,31.6,24.94193548387097,90.58064516129032,372.8,4.767741935483872,,0
2023,7,서울,33.0,25.103225806451615,86.45161290322581,417.9,6.66774193548387,,0
2023,7,세종,33.8,25.774193548387096,84.64516129032258,403.2,7.219354838709677,,0
2023,7,울산,33.7,25.690322580645162,85.3225806451613,221.3,7.316129032258064,,0
2023,7,인천,33.2,25.112903225806452,87.16129032258064,383.5,6.335483870967742,,0
2023,7,전남,31.2,25.406451612903226,89.83870967741936,434.2,4.687096774193549,전남,1
2023,7,전북,33.4,26.06451612903226,86.16129032258064,588.1,6.5677419354838715,,0
2023,7,제주,32.6,27.26451612903226,87.54838709677419,334.9,4.116129032258065,,0
2023,7,충남,33.0,25.312903225806455,85.03225806451613,409.7,7.103225806451612,,0
2023,7,충북,33.7,25.958064516129035,84.61290322580645,453.5,7.267741935483872,,0
2023,8,강원,33.5,25.751612903225805,83.45161290322581,351.4,7.17741935483871,,0
2023,8,경기,33.6,25.538709677419355,84.2258064516129,282.0,7.02258064516129,,0
2023,8,경남,34.0,27.083870967741937,83.61290322580645,307.7,6.183870967741936,,0
2023,8,경북,34.8,26.164516129032258,79.61290322580645,250.4,7.367741935483871,,0
2023,8,광주,34.6,26.729032258064517,83.19354838709677,228.1,7.774193548387097,,0
2023,8,대구,37.2,27.103225806451615,82.2258064516129,299.5,8.206451612903225,,0
2023,8,대전,34.0,26.283870967741933,81.87096774193549,334.7,7.677419354838711,,0
2023,8,부산,34.0,26.980645161290322,83.35483870967742,273.8,5.229032258064516,,0
2023,8,서울,33.7,25.629032258064516,83.93548387096774,311.0,6.748387096774194,,0
2023,8,세종,34.7,26.661290322580644,80.90322580645162,295.3,7.916129032258064,세종,1
2023,8,울산,34.3,26.44516129032258,84.41935483870968,222.1,7.070967741935483,,0
2023,8,인천,33.7,25.809677419354838,84.19354838709677,303.7,6.564516129032258,,0
2023,8,전남,33.7,27.083870967741937,81.70967741935483,182.8,6.458064516129033,전남,2
2023,8,전북,34.9,26.783870967741933,84.0,394.79999999999995,7.816129032258065,,0
2023,8,제주,32.6,27.65806451612903,84.0,290.1,4.296774193548386,제주,1
2023,8,충남,34.0,25.961290322580645,82.61290322580645,250.8,7.580645161290323,,0
2023,8,충북,34.5,26.65806451612903,82.06451612903226,427.0,8.074193548387097,,0
2023,9,강원,30.4,21.75,83.33333333333333,123.3,8.026666666666666,,0
2023,9,경기,30.5,21.98,81.66666666666667,207.1,7.256666666666666,,0
2023,9,경남,29.7,23.45,84.03333333333333,297.3,6.7,,0
2023,9,경북,29.7,22.046666666666667,80.2,228.3,7.073333333333333,,0
2023,9,광주,31.0,23.006666666666668,83.1,185.7,8.056666666666667,,0
2023,9,대구,30.8,23.003333333333334,84.16666666666667,215.5,7.6033333333333335,,0
2023,9,대전,30.0,22.186666666666667,81.43333333333334,264.90000000000003,7.756666666666666,,0
2023,9,부산,29.3,23.493333333333332,83.16666666666667,239.8,5.913333333333332,,0
2023,9,서울,30.5,21.953333333333333,81.76666666666667,144.9,7.35,,0
2023,9,세종,30.5,22.553333333333335,80.93333333333334,297.8,7.923333333333333,,0
2023,9,울산,29.4,22.73,84.56666666666666,188.9,7.283333333333333,,0
2023,9,인천,30.6,22.290000000000003,81.73333333333333,159.3,7.253333333333334,인천,1
2023,9,전남,30.2,23.686666666666667,81.26666666666667,143.1,6.49,,0
2023,9,전북,31.6,22.98,82.66666666666667,249.20000000000002,8.163333333333334,,0
2023,9,제주,31.1,25.05666666666667,83.63333333333334,137.6,3.976666666666667,,0
2023,9,충남,30.0,22.186666666666667,81.4,261.8,7.180000000000001,,0
2023,9,충북,30.6,22.603333333333335,81.43333333333334,290.7,7.783333333333333,,0
2023,10,강원,22.0,13.100000000000001,78.51612903225806,25.0,10.13225806451613,,0
2023,10,경기,21.9,13.8,74.61290322580645,37.7,9.264516129032257,,0
2023,10,경남,23.9,16.316129032258065,68.16129032258064,10.9,9.564516129032258,,0
2023,10,경북,21.9,13.970967741935485,73.0,16.6,9.787096774193548,,0
2023,10,광주,23.1,15.196774193548388,76.12903225806451,14.6,10.248387096774193,,0
2023,10,대구,23.2,15.48709677419355,69.6774193548387,8.9,10.651612903225805,,0
2023,10,대전,22.4,14.251612903225807,74.3225806451613,11.5,10.09032258064516,,0
2023,10,부산,23.8,16.296774193548387,69.0,6.5,9.316129032258065,,0
2023,10,서울,22.0,13.66451612903226,76.35483870967742,25.0,9.583870967741936,,0
2023,10,세종,22.8,14.490322580645161,74.58064516129032,14.1,10.187096774193549,,0
2023,10,울산,24.5,14.899999999999999,71.51612903225806,4.7,12.229032258064516,,0
2023,10,인천,22.5,14.416129032258064,74.0,27.3,9.235483870967743,,0
2023,10,전남,24.1,16.9741935483871,70.19354838709677,26.0,8.274193548387096,,0
2023,10,전북,23.5,15.125806451612902,74.87096774193549,17.0,10.23225806451613,,0
2023,10,제주,24.3,18.67096774193548,70.06451612903226,24.2,4.94516129032258,,0
2023,10,충남,22.0,14.290322580645162,73.51612903225806,15.2,9.387096774193548,,0
2023,10,충북,22.4,14.383870967741935,74.12903225806451,21.2,10.406451612903227,,0
2023,11,강원,22.9,4.96,72.36666666666666,81.4,9.046666666666665,,0
2023,11,경기,22.9,5.3133333333333335,71.63333333333334,152.4,8.713333333333333,,0
2023,11,경남,25.7,9.663333333333332,64.13333333333334,30.2,9.996666666666666,,0
2023,11,경북,23.5,6.45,67.53333333333333,33.6,9.203333333333335,,0
2023,11,광주,24.8,8.723333333333333,73.8,92.8,9.94,,0
2023,11,대구,26.7,8.143333333333334,64.96666666666667,47.4,10.31,,0
2023,11,대전,23.5,6.783333333333333,71.36666666666666,82.3,9.493333333333334,,0
2023,11,부산,23.0,9.566666666666666,66.9,57.400000000000006,9.613333333333333,,0
2023,11,서울,23.0,4.930000000000001,72.13333333333334,104.3,8.716666666666667,,0
2023,11,세종,23.9,7.066666666666666,70.4,71.99999999999999,9.51,,0
2023,11,울산,27.2,8.313333333333334,65.03333333333333,34.5,12.776666666666667,,0
2023,11,인천,22.9,5.746666666666667,70.3,116.8,8.43,,0
2023,11,전남,25.1,10.513333333333332,70.03333333333333,81.4,7.696666666666667,,0
2023,11,전북,25.5,8.17,73.33333333333333,86.2,9.76,,0
2023,11,제주,26.3,13.016666666666667,74.2,114.5,5.836666666666667,,0
2023,11,충남,23.9,6.276666666666667,71.46666666666667,77.0,8.886666666666667,,0
2023,11,충북,24.0,6.72,70.8,76.7,9.67,,0
2023,12,강원,15.1,-0.6129032258064516,66.64516129032258,80.60000000000001,8.600000000000001,,0
2023,12,경기,15.9,0.21612903225806454,68.54838709677419,86.8,8.216129032258063,,0
2023,12,경남,19.5,4.503225806451613,63.96774193548387,86.5,8.880645161290323,,0
2023,12,경북,15.9,0.7935483870967741,66.19354838709677,79.3,8.341935483870968,,0
2023,12,광주,18.8,4.074193548387097,75.64516129032258,70.6,8.422580645161291,,0
2023,12,대구,18.8,2.725806451612903,65.96774193548387,71.7,8.951612903225806,,0
2023,12,대전,17.5,1.7838709677419355,71.35483870967742,101.7,8.212903225806452,,0
2023,12,부산,18.8,4.4,64.74193548387096,88.3,9.193548387096774,,0
2023,12,서울,15.6,-0.40322580645161304,68.54838709677419,81.2,8.54516129032258,,0
2023,12,세종,18.0,1.9516129032258065,69.70967741935483,101.3,8.538709677419355,,0
2023,12,울산,20.2,3.1451612903225805,64.83870967741936,97.8,11.0,,0
2023,12,인천,15.8,0.33548387096774207,68.90322580645162,77.60000000000001,8.251612903225807,,0
2023,12,전남,18.8,5.241935483870968,76.19354838709677,69.3,6.83225806451613,전남,1
2023,12,전북,19.0,3.467741935483871,74.41935483870968,129.8,8.125806451612904,,0
2023,12,제주,21.4,8.880645161290323,79.61290322580645,135.3,5.151612903225807,,0
2023,12,충남,17.8,1.058064516129032,71.2258064516129,86.6,8.158064516129032,,0
2023,12,충북,17.7,1.803225806451613,68.48387096774194,86.10000000000001,8.196774193548388,,0
2024,1,강원,9.8,-1.903225806451613,63.193548387096776,11.8,8.580645161290322,,0
2024,1,경기,8.9,-1.8483870967741935,66.12903225806451,24.0,8.335483870967742,,0
2024,1,경남,12.9,2.8870967741935485,63.58064516129032,42.8,8.912903225806453,,0
2024,1,경북,9.9,-0.6548387096774194,65.80645161290323,17.1,8.26774193548387,,0
2024,1,광주,13.7,1.6290322580645162,76.06451612903226,52.8,9.138709677419355,,0
2024,1,대구,13.7,1.1193548387096774,65.45161290322581,28.9,9.103225806451613,,0
2024,1,대전,10.6,-0.6096774193548385,70.35483870967742,31.4,8.903225806451612,,0
2024,1,부산,12.6,2.738709677419355,65.2258064516129,52.8,8.80967741935484,,0
2024,1,서울,9.8,-2.296774193548387,65.48387096774194,17.3,8.69032258064516,,0
2024,1,세종,10.4,-0.44516129032258056,68.80645161290323,27.8,8.851612903225806,,0
2024,1,울산,13.6,1.4161290322580644,65.93548387096774,48.4,11.103225806451613,,0
2024,1,인천,8.5,-1.6290322580645162,66.74193548387096,20.2,8.125806451612904,,0
2024,1,전남,13.1,3.306451612903226,75.09677419354838,59.2,7.029032258064516,전남,1
2024,1,전북,13.1,1.1741935483870967,73.64516129032258,49.3,8.935483870967742,,0
2024,1,제주,15.9,7.132258064516129,77.90322580645162,159.7,5.145161290322581,,0
2024,1,충남,9.7,-1.2225806451612902,69.48387096774194,27.7,8.17741935483871,,0
2024,1,충북,10.2,-0.6000000000000001,68.45161290322581,27.3,8.893548387096773,,0
2024,2,강원,15.9,1.696551724137931,74.6896551724138,53.4,9.444827586206896,,0
2024,2,경기,16.4,2.206896551724138,77.37931034482759,67.7,8.76551724137931,,0
2024,2,경남,20.8,6.0,74.72413793103448,125.6,7.955172413793103,,0
2024,2,경북,16.6,2.7344827586206897,76.37931034482759,71.7,8.327586206896552,,0
2024,2,광주,17.3,5.082758620689655,79.86206896551724,141.3,8.886206896551723,,0
2024,2,대구,19.8,4.617241379310345,77.0,83.2,8.813793103448276,,0
2024,2,대전,16.5,3.1758620689655173,77.89655172413794,77.5,9.079310344827586,,0
2024,2,부산,19.7,6.096551724137932,75.06896551724138,119.0,7.30344827586207,,0
2024,2,서울,16.3,1.806896551724138,76.58620689655173,64.2,9.224137931034482,,0
2024,2,세종,17.0,3.389655172413793,76.65517241379311,71.1,9.427586206896551,,0
2024,2,울산,21.6,5.19655172413793,76.06896551724138,112.5,8.96896551724138,,0
2024,2,인천,16.0,2.268965517241379,77.24137931034483,70.4,8.620689655172415,,0
2024,2,전남,16.5,5.720689655172414,79.72413793103448,140.2,6.913793103448276,,0
2024,2,전북,17.8,4.851724137931035,79.10344827586206,130.6,9.113793103448277,,0
2024,2,제주,18.7,9.251724137931035,81.6896551724138,244.8,4.896551724137931,,0
2024,2,충남,16.7,2.703448275862069,77.86206896551724,80.7,8.696551724137931,,0
2024,2,충북,16.7,3.524137931034483,77.34482758620689,74.7,9.13103448275862,,0
2024,3,강원,20.0,4.312903225806451,65.58064516129032,43.8,11.709677419354838,,0
2024,3,경기,20.0,4.887096774193548,65.74193548387096,45.3,10.600000000000001,경기,1
2024,3,경남,22.6,8.05483870967742,64.90322580645162,120.7,10.016129032258064,,0
2024,3,경북,19.5,5.519354838709678,64.06451612903226,74.0,10.729032258064517,,0
2024,3,광주,21.3,6.909677419354838,72.16129032258064,84.8,11.332258064516129,,0
2024,3,대구,22.4,7.193548387096774,63.58064516129032,81.2,11.474193548387097,,0
2024,3,대전,18.8,5.658064516129032,68.51612903225806,53.800000000000004,10.970967741935485,,0
2024,3,부산,19.4,7.938709677419355,67.35483870967742,110.3,9.006451612903225,,0
2024,3,서울,19.2,4.65483870967742,66.0,51.1,11.100000000000001,,0
2024,3,세종,18.9,6.077419354838709,66.6774193548387,48.400000000000006,10.961290322580645,,0
2024,3,울산,22.4,6.974193548387096,66.58064516129032,110.4,11.716129032258063,,0
2024,3,인천,19.9,5.245161290322581,65.96774193548387,36.2,10.167741935483871,,0
2024,3,전남,20.1,7.451612903225806,73.51612903225806,76.5,8.59032258064516,,0
2024,3,전북,20.3,6.670967741935484,70.93548387096774,76.3,11.316129032258065,,0
2024,3,제주,24.4,10.216129032258063,76.61290322580645,242.79999999999998,6.370967741935484,제주,1
2024,3,충남,18.5,5.325806451612903,68.06451612903226,53.6,10.64516129032258,,0
2024,3,충북,18.8,5.941935483870967,67.45161290322581,53.5,11.02258064516129,,0
2024,4,강원,27.6,13.536666666666667,67.36666666666666,30.3,12.566666666666666,,0
2024,4,경기,26.6,13.773333333333333,66.63333333333334,45.5,11.823333333333332,,0
2024,4,경남,26.5,14.983333333333333,74.23333333333333,151.6,9.8,경남,1
2024,4,경북,27.5,14.270000000000001,65.86666666666666,83.5,11.076666666666666,,0
2024,4,광주,26.4,14.783333333333333,77.56666666666666,114.2,11.536666666666665,,0
2024,4,대구,29.9,15.75,67.16666666666667,84.80000000000001,11.243333333333334,,0
2024,4,대전,27.4,14.556666666666667,66.9,51.699999999999996,11.56,,0
2024,4,부산,22.0,14.17,79.9,134.4,8.353333333333333,,0
2024,4,서울,28.0,13.796666666666665,65.66666666666667,40.1,12.073333333333332,,0
2024,4,세종,27.6,14.833333333333334,65.36666666666666,45.9,11.94,,0
2024,4,울산,26.2,13.866666666666667,78.26666666666667,112.89999999999999,11.436666666666667,,0
2024,4,인천,26.5,13.633333333333333,67.7,43.4,11.303333333333335,,0
2024,4,전남,22.6,13.91,80.43333333333334,90.5,9.016666666666667,,0
2024,4,전북,27.4,15.05,75.93333333333334,86.3,11.870000000000001,,0
2024,4,제주,22.2,16.283333333333335,79.86666666666666,160.3,5.6866666666666665,제주,1
2024,4,충남,26.8,14.166666666666666,66.13333333333334,52.1,11.73,,0
2024,4,충북,27.6,15.123333333333333,66.1,50.2,11.563333333333333,충북,1
2024,5,강원,27.2,16.65806451612903,70.2258064516129,116.8,11.33548387096774,,0
2024,5,경기,26.4,16.161290322580644,72.93548387096774,124.10000000000001,10.67741935483871,경기,1
2024,5,경남,29.2,18.096774193548388,69.70967741935483,120.2,10.529032258064515,,0
2024,5,경북,29.6,17.490322580645163,63.32258064516129,144.0,11.609677419354838,,0
2024,5,광주,27.8,17.490322580645163,74.45161290322581,149.3,11.651612903225805,,0
2024,5,대구,33.5,19.14516129032258,61.12903225806452,99.39999999999999,13.22258064516129,,0
2024,5,대전,28.3,17.383870967741935,68.06451612903226,133.3,11.748387096774193,,0
2024,5,부산,27.4,17.13225806451613,76.06451612903226,96.9,8.72258064516129,,0
2024,5,서울,27.8,16.56451612903226,71.74193548387096,127.1,10.667741935483871,,0
2024,5,세종,29.1,17.748387096774195,66.70967741935483,132.5,12.067741935483872,,0
2024,5,울산,28.4,17.009677419354837,73.45161290322581,93.2,12.52258064516129,,0
2024,5,인천,25.3,16.341935483870966,73.45161290322581,112.7,9.609677419354838,,0
2024,5,전남,25.5,17.248387096774195,76.87096774193549,137.8,8.841935483870968,,0
2024,5,전북,28.1,17.816129032258065,71.3225806451613,137.1,12.01290322580645,,0
2024,5,제주,26.3,18.677419354838708,72.93548387096774,142.6,6.193548387096774,,0
2024,5,충남,27.9,16.919354838709676,68.19354838709677,105.1,11.612903225806452,,0
2024,5,충북,28.6,17.970967741935485,65.64516129032258,131.6,12.129032258064516,,0
2024,6,강원,34.3,22.90666666666667,68.1,112.6,11.796666666666665,강원,1
2024,6,경기,33.9,21.86,71.63333333333334,115.3,11.386666666666667,,0
2024,6,경남,34.0,22.709999999999997,74.36666666666666,196.8,9.203333333333331,,0
2024,6,경북,36.4,23.403333333333332,62.7,134.9,11.466666666666667,,0
2024,6,광주,34.4,22.453333333333333,74.26666666666667,135.2,11.043333333333333,,0
2024,6,대구,38.3,25.03666666666667,60.2,131.8,12.62,,0
2024,6,대전,35.7,23.16,65.76666666666667,93.3,12.083333333333334,,0
2024,6,부산,29.5,21.75,80.73333333333333,233.0,6.8566666666666665,,0
2024,6,서울,35.6,22.853333333333335,66.6,109.9,11.536666666666667,,0
2024,6,세종,36.2,23.703333333333333,63.86666666666667,78.0,12.42,,0
2024,6,울산,33.8,22.46333333333333,74.66666666666667,161.2,10.93,,0
2024,6,인천,33.5,22.19333333333333,71.66666666666667,101.9,10.163333333333332,,0
2024,6,전남,33.0,22.12,78.6,159.7,7.886666666666667,,0
2024,6,전북,35.8,22.98,71.23333333333333,116.0,11.833333333333334,,0
2024,6,제주,28.8,22.75,81.7,337.79999999999995,4.923333333333333,,0
2024,6,충남,35.9,22.82,65.8,108.3,12.33,,0
2024,6,충북,36.6,24.006666666666668,62.333333333333336,96.3,12.436666666666667,,0
2024,7,강원,32.8,25.4,85.87096774193549,416.70000000000005,6.825806451612903,,0
2024,7,경기,32.5,25.200000000000003,86.74193548387096,439.2,6.493548387096775,,0
2024,7,경남,34.9,25.958064516129035,89.83870967741936,197.4,5.9,,0
2024,7,경북,33.0,25.874193548387098,81.61290322580645,260.59999999999997,6.893548387096775,,0
2024,7,광주,32.4,26.396774193548385,86.6774193548387,291.1,6.0354838709677425,,0
2024,7,대구,35.7,27.141935483870967,83.41935483870968,202.6,7.387096774193549,,0
2024,7,대전,32.7,25.883870967741935,84.80645161290323,419.4,6.574193548387096,대전,1
2024,7,부산,32.0,25.429032258064513,91.06451612903226,202.5,4.403225806451613,,0
2024,7,서울,32.8,25.251612903225805,86.7741935483871,522.2,6.148387096774194,,0
2024,7,세종,32.8,26.274193548387096,83.70967741935483,461.90000000000003,6.754838709677419,,0
2024,7,울산,36.0,26.82903225806452,83.16129032258064,160.1,7.238709677419355,,0
2024,7,인천,32.2,25.361290322580647,87.41935483870968,392.90000000000003,5.835483870967742,,0
2024,7,전남,31.5,26.10967741935484,88.87096774193549,313.4,4.516129032258065,전남,1
2024,7,전북,33.5,26.683870967741935,84.74193548387096,321.0,6.725806451612903,,0
2024,7,제주,32.7,28.070967741935487,86.51612903225806,228.2,4.596774193548387,,0
2024,7,충남,32.8,25.780645161290323,84.35483870967742,423.7,6.8354838709677415,,0
2024,7,충북,32.9,26.374193548387098,84.41935483870968,475.3,6.680645161290323,,0
2024,8,강원,35.0,27.43548387096774,82.16129032258064,137.39999999999998,8.187096774193547,,0
2024,8,경기,34.1,27.16774193548387,82.87096774193549,128.2,7.5,,0
2024,8,경남,34.3,27.858064516129033,82.61290322580645,101.10000000000001,7.551612903225807,,0
2024,8,경북,34.8,27.63225806451613,74.41935483870968,68.9,9.02258064516129,,0
2024,8,광주,34.0,27.916129032258063,82.12903225806451,71.5,8.387096774193548,,0
2024,8,대구,36.8,29.006451612903227,74.61290322580645,55.4,10.425806451612903,,0
2024,8,대전,34.2,28.003225806451614,77.03225806451613,51.1,8.558064516129033,,0
2024,8,부산,32.8,27.641935483870967,83.19354838709677,101.10000000000001,5.758064516129032,,0
2024,8,서울,34.0,27.270967741935483,83.45161290322581,181.6,7.193548387096774,,0
2024,8,세종,35.2,28.312903225806455,76.87096774193549,53.1,8.567741935483872,세종,1
2024,8,울산,36.3,27.616129032258065,81.16129032258064,83.5,8.167741935483871,,0
2024,8,인천,34.7,27.480645161290322,83.25806451612904,176.9,6.912903225806452,,0
2024,8,전남,34.2,28.05806451612903,81.83870967741936,69.2,6.725806451612903,,0
2024,8,전북,35.6,28.270967741935483,81.12903225806451,91.8,8.48709677419355,,0
2024,8,제주,32.6,28.741935483870968,83.45161290322581,100.9,4.509677419354838,,0
2024,8,충남,34.6,27.53548387096774,80.29032258064517,107.0,8.006451612903227,,0
2024,8,충북,35.1,28.23548387096774,78.64516129032258,52.3,8.62258064516129,,0
2024,9,강원,33.1,22.993333333333332,82.06666666666666,261.1,8.153333333333332,,0
2024,9,경기,32.8,23.776666666666664,79.83333333333333,257.1,7.403333333333333,,0
2024,9,경남,32.8,25.403333333333332,81.96666666666667,210.89999999999998,7.026666666666666,,0
2024,9,경북,34.2,24.103333333333335,77.13333333333334,192.7,8.15,,0
2024,9,광주,34.8,25.466666666666665,81.0,162.4,8.716666666666667,,0
2024,9,대구,35.9,25.33,79.96666666666667,198.9,9.17,,0
2024,9,대전,36.0,25.11,75.6,151.4,8.806666666666667,대전,1
2024,9,부산,31.9,25.35,81.63333333333334,243.29999999999998,5.89,,0
2024,9,서울,32.7,23.53666666666667,80.33333333333333,210.0,7.4799999999999995,,0
2024,9,세종,36.0,25.240000000000002,76.36666666666666,154.9,8.713333333333333,,0
2024,9,울산,32.8,24.426666666666666,84.0,206.9,7.14,,0
2024,9,인천,32.7,23.98,80.4,194.10000000000002,7.436666666666667,,0
2024,9,전남,35.2,26.296666666666667,77.13333333333334,187.5,7.516666666666667,,0
2024,9,전북,35.0,25.490000000000002,80.0,187.6,8.843333333333334,,0
2024,9,제주,33.3,26.886666666666667,83.36666666666666,194.6,4.26,,0
2024,9,충남,33.6,24.336666666666666,79.06666666666666,190.3,7.806666666666667,,0
2024,9,충북,34.6,25.066666666666666,78.2,214.4,8.596666666666666,,0
2024,10,강원,23.0,14.380645161290323,80.54838709677419,63.9,9.725806451612904,,0
2024,10,경기,23.5,15.05483870967742,75.96774193548387,73.5,8.758064516129032,,0
2024,10,경남,28.2,17.951612903225808,77.6774193548387,198.0,8.1,,0
2024,10,경북,25.4,15.493548387096775,78.7741935483871,86.8,8.506451612903225,,0
2024,10,광주,25.3,16.68064516129032,79.54838709677419,106.5,9.406451612903227,,0
2024,10,대구,28.6,16.816129032258065,79.70967741935483,130.8,9.109677419354838,,0
2024,10,대전,23.1,15.316129032258065,79.51612903225806,100.39999999999999,8.838709677419354,,0
2024,10,부산,27.0,18.396774193548385,76.74193548387096,312.8,7.006451612903225,,0
2024,10,서울,23.1,14.567741935483872,77.83870967741936,75.5,9.325806451612904,,0
2024,10,세종,23.6,15.567741935483872,78.90322580645162,93.8,8.85483870967742,,0
2024,10,울산,27.3,17.16774193548387,79.96774193548387,213.1,8.370967741935484,울산,1
2024,10,인천,23.9,15.151612903225805,77.03225806451613,66.8,9.083870967741934,,0
2024,10,전남,25.5,17.796774193548387,76.3225806451613,124.7,7.45483870967742,,0
2024,10,전북,25.4,16.30322580645161,80.25806451612904,98.1,9.667741935483871,,0
2024,10,제주,27.4,20.496774193548386,80.35483870967742,213.0,4.170967741935483,,0
2024,10,충남,23.4,15.35483870967742,77.64516129032258,86.4,8.46774193548387,,0
2024,10,충북,23.9,15.670967741935485,79.96774193548387,89.3,9.17741935483871,,0
2024,11,강원,20.5,7.5633333333333335,78.43333333333334,27.999999999999996,9.836666666666668,,0
2024,11,경기,22.3,8.016666666666667,71.73333333333333,50.9,8.69,경기,1
2024,11,경남,21.8,11.41,70.4,124.0,8.163333333333334,,0
2024,11,경북,20.5,8.9,75.66666666666667,46.800000000000004,8.733333333333333,,0
2024,11,광주,22.9,10.483333333333333,73.76666666666667,80.1,9.446666666666665,,0
2024,11,대구,21.6,10.07,76.06666666666666,72.1,8.99,,0
2024,11,대전,21.6,8.596666666666666,74.53333333333333,49.0,9.766666666666667,,0
2024,11,부산,21.6,11.733333333333333,70.53333333333333,104.0,7.7,,0
2024,11,서울,22.5,7.53,72.06666666666666,42.2,9.223333333333333,서울,1
2024,11,세종,22.5,8.79,72.76666666666667,47.4,10.296666666666665,,0
2024,11,울산,21.4,10.376666666666667,74.2,95.7,9.69,,0
2024,11,인천,22.2,8.14,72.06666666666666,44.5,8.889999999999999,,0
2024,11,전남,22.8,11.93,68.26666666666667,125.3,7.696666666666667,,0
2024,11,전북,23.1,9.846666666666666,75.03333333333333,78.5,9.913333333333332,,0
2024,11,제주,24.3,14.9,74.9,357.3,4.866666666666666,,0
2024,11,충남,21.7,8.44,72.7,56.800000000000004,8.803333333333335,충남,1
2024,11,충북,22.6,8.963333333333333,74.83333333333333,47.7,9.706666666666667,,0
2024,12,강원,11.9,-1.2096774193548387,61.645161290322584,5.7,8.064516129032258,,0
2024,12,경기,11.6,-0.7806451612903226,62.61290322580645,8.5,7.038709677419354,경기,1
2024,12,경남,16.5,3.3,58.903225806451616,0.1,7.764516129032257,,0
2024,12,경북,14.1,-0.003225806451612915,58.74193548387097,1.3,8.03225806451613,,0
2024,12,광주,16.8,3.1870967741935483,70.90322580645162,5.4,6.980645161290322,,0
2024,12,대구,16.5,1.7580645161290323,62.645161290322584,1.6,7.83225806451613,,0
2024,12,대전,14.7,0.39677419354838706,68.16129032258064,7.300000000000001,7.658064516129032,,0
2024,12,부산,16.2,3.4064516129032256,57.83870967741935,0.0,7.838709677419355,,0
2024,12,서울,12.4,-1.1290322580645162,61.0,2.7,7.225806451612903,,0
2024,12,세종,16.0,0.47096774193548385,66.06451612903226,4.1,8.667741935483871,,0
2024,12,울산,16.5,1.5838709677419356,62.193548387096776,0.8999999999999999,10.387096774193548,,0
2024,12,인천,12.8,-0.3612903225806452,61.32258064516129,5.2,7.225806451612903,,0
2024,12,전남,16.8,5.348387096774194,61.83870967741935,5.3,6.351612903225806,,0
2024,12,전북,16.2,2.0935483870967744,72.06451612903226,17.5,6.896774193548388,,0
2024,12,제주,18.3,7.948387096774193,68.45161290322581,56.7,4.103225806451613,,0
2024,12,충남,14.8,-0.20967741935483872,66.64516129032258,11.8,7.309677419354839,,0
2024,12,충북,15.3,0.24516129032258063,65.2258064516129,4.5,7.793548387096774,,0
