화재발생년원일,시도_x,시군구,화재유형,발화요인대분류,발화요인소분류,인명피해(명)소계,사망,부상,재산피해소계,부동산,동산,장소대분류,장소중분류,장소소분류,날짜,월_화재,시도_매핑,시도_y,연도,월,최고기온,최저기온,평균기온,강수량(mm),최대풍속(km/h),평균습도(%),기온일교차
2020-01-29 12:04:00,대구광역시,달서구,"건축,구조물",전기적 요인,"누전,지락",0,0,0,910,0.0,910.0,산업시설,발전시설,변전소,2020-01-29,1,대구,대구,2020,1,10.5,1.3,5.4,0.2,11.9,73,9.2
2020-02-19 06:47:00,서울특별시,송파구,기타(쓰레기 화재등),교통사고,교통사고,0,0,0,29276,0.0,29276.0,기타,도로,변압기,2020-02-19,2,서울,서울,2020,2,6.7,-5.7,-0.7,0.0,10.8,69,12.4
2020-04-29 06:51:00,대구광역시,북구,기타(쓰레기 화재등),미상,미상,0,0,0,4004,0.0,4004.0,기타,도로,변압기,2020-04-29,4,대구,대구,2020,4,25.0,6.7,16.6,0.0,12.5,41,18.3
2020-05-11 11:13:00,강원특별자치도,삼척시,"건축,구조물",전기적 요인,기타(전기적요인),0,0,0,52525,0.0,52525.0,산업시설,발전시설,"송, 배전설비",2020-05-11,5,강원,강원,2020,5,20.5,10.8,15.3,0.3,22.9,66,9.7
2020-05-19 14:43:00,서울특별시,영등포구,기타(쓰레기 화재등),전기적 요인,미확인단락,0,0,0,2883,0.0,2883.0,기타,도로,변압기,2020-05-19,5,서울,서울,2020,5,15.6,9.4,12.4,7.7,24.7,77,6.199999999999999
2020-06-25 03:51:00,부산광역시,동구,기타(쓰레기 화재등),전기적 요인,트래킹에 의한 단락,0,0,0,0,,,기타,도로,변압기,2020-06-25,6,부산,부산,2020,6,23.0,21.5,22.2,32.3,17.6,96,1.5
2020-08-03 06:13:00,충청북도,진천군,"건축,구조물",자연적인 요인,자연적 재해,0,0,0,95482,95482.0,0.0,산업시설,발전시설,변전소,2020-08-03,8,충북,충북,2020,8,28.0,25.1,26.3,10.6,22.5,88,2.8999999999999986
2020-09-01 09:45:00,부산광역시,강서구,"건축,구조물",기계적 요인,"과열, 과부하",0,0,0,9,0.0,9.0,산업시설,발전시설,변전소,2020-09-01,9,부산,부산,2020,9,28.6,23.9,26.0,0.7,22.5,81,4.700000000000003
2020-09-02 19:02:00,울산광역시,남구,기타(쓰레기 화재등),전기적 요인,트래킹에 의한 단락,0,0,0,122,0.0,122.0,기타,도로,변압기,2020-09-02,9,울산,울산,2020,9,27.8,24.7,26.2,23.4,40.4,88,3.1000000000000014
2020-09-10 21:35:00,울산광역시,남구,기타(쓰레기 화재등),전기적 요인,과부하/과전류,0,0,0,61,0.0,61.0,기타,도로,변압기,2020-09-10,9,울산,울산,2020,9,25.0,19.1,22.1,3.7,10.7,87,5.899999999999999
2020-10-23 09:01:00,서울특별시,강북구,"건축,구조물",부주의,담배꽁초,0,0,0,114,114.0,0.0,산업시설,발전시설,변전소,2020-10-23,10,서울,서울,2020,10,11.4,4.1,7.4,0.0,21.1,53,7.300000000000001
2020-11-06 12:24:00,강원특별자치도,홍천군,기타(쓰레기 화재등),전기적 요인,미확인단락,0,0,0,47,0.0,47.0,기타,도로,변압기,2020-11-06,11,강원,강원,2020,11,16.0,6.5,11.0,0.0,12.6,70,9.5
2020-11-17 13:36:00,경기도,이천시,"건축,구조물",전기적 요인,절연열화에 의한 단락,0,0,0,770,0.0,770.0,산업시설,발전시설,변전소,2020-11-17,11,경기,경기,2020,11,19.0,9.9,13.6,1.0,13.7,80,9.1
2021-01-08 05:58:00,인천광역시,부평구,"건축,구조물",전기적 요인,절연열화에 의한 단락,0,0,0,139452,22301.0,117151.0,산업시설,발전시설,변전소,2021-01-08,1,인천,인천,2021,1,-11.3,-17.8,-14.6,0.0,21.0,39,6.5
2021-01-08 10:24:00,광주광역시,광산구,기타(쓰레기 화재등),전기적 요인,과부하/과전류,0,0,0,1219,0.0,1219.0,기타,도로,변압기,2021-01-08,1,광주,광주,2021,1,-7.5,-17.5,-12.7,0.2,11.5,63,10.0
2021-03-19 09:40:00,경기도,부천시,"건축,구조물",부주의,"용접, 절단, 연마",0,0,0,959,959.0,0.0,산업시설,발전시설,변전소,2021-03-19,3,경기,경기,2021,3,17.6,6.2,11.6,0.0,14.2,63,11.400000000000002
2021-04-21 10:46:00,강원특별자치도,화천군,"건축,구조물",전기적 요인,과부하/과전류,0,0,0,402725,402725.0,0.0,산업시설,발전시설,"송, 배전설비",2021-04-21,4,강원,강원,2021,4,25.4,6.3,16.7,0.0,6.8,64,19.1
2021-05-01 05:15:00,대전광역시,동구,"건축,구조물",미상,미상,1,0,1,3621626,3455586.0,166040.0,산업시설,발전시설,변전소,2021-05-01,5,대전,대전,2021,5,12.9,8.1,10.0,4.5,23.9,76,4.800000000000001
2021-05-03 20:36:00,경기도,화성시,기타(쓰레기 화재등),기계적 요인,노후,0,0,0,316,0.0,316.0,기타,도로,변압기,2021-05-03,5,경기,경기,2021,5,18.0,4.4,11.1,0.0,11.9,74,13.6
2021-05-05 01:19:00,제주특별자치도,서귀포시,기타(쓰레기 화재등),전기적 요인,트래킹에 의한 단락,0,0,0,53,0.0,53.0,기타,도로,변압기,2021-05-05,5,제주,제주,2021,5,19.6,12.5,15.8,1.4,26.9,63,7.100000000000001
2021-06-06 15:57:00,서울특별시,종로구,기타(쓰레기 화재등),전기적 요인,접촉불량에 의한 단락,0,0,0,3316,3316.0,0.0,기타,도로,변압기,2021-06-06,6,서울,서울,2021,6,26.4,15.6,20.4,0.0,14.6,83,10.8
2021-06-23 21:43:00,경상남도,창원시 마산합포구,"건축,구조물",기계적 요인,노후,0,0,0,1980,0.0,1980.0,산업시설,발전시설,변전소,2021-06-23,6,경남,경남,2021,6,23.2,17.6,20.3,0.7,13.3,83,5.599999999999998
2021-06-30 17:59:00,강원특별자치도,양양군,기타(쓰레기 화재등),전기적 요인,미확인단락,0,0,0,9075,0.0,9075.0,기타,도로,변압기,2021-06-30,6,강원,강원,2021,6,26.8,19.1,22.8,0.1,5.6,85,7.699999999999999
2021-07-02 11:18:00,서울특별시,종로구,기타(쓰레기 화재등),전기적 요인,과부하/과전류,0,0,0,23,23.0,0.0,기타,도로,변압기,2021-07-02,7,서울,서울,2021,7,29.8,21.8,25.3,0.0,11.9,72,8.0
2021-07-07 09:03:00,대구광역시,달서구,"건축,구조물",전기적 요인,"누전,지락",0,0,0,272,0.0,272.0,산업시설,발전시설,변전소,2021-07-07,7,대구,대구,2021,7,27.4,22.8,24.7,48.7,13.5,96,4.599999999999998
2021-07-15 07:18:00,부산광역시,서구,기타(쓰레기 화재등),전기적 요인,미확인단락,0,0,0,0,,,기타,도로,변압기,2021-07-15,7,부산,부산,2021,7,28.3,24.8,26.5,0.9,10.4,91,3.5
2021-07-21 20:44:00,충청남도,부여군,기타(쓰레기 화재등),제품결함,제조상결함,0,0,0,0,,,기타,도로,변압기,2021-07-21,7,충남,충남,2021,7,34.3,23.6,28.7,0.0,12.3,65,10.699999999999996
2021-08-04 11:25:00,서울특별시,강남구,기타(쓰레기 화재등),전기적 요인,미확인단락,0,0,0,610,0.0,610.0,기타,도로,변압기,2021-08-04,8,서울,서울,2021,8,30.6,24.2,26.8,2.1,15.6,84,6.400000000000002
2021-08-10 21:02:00,전라남도,목포시,기타(쓰레기 화재등),부주의,담배꽁초,0,0,0,29,0.0,29.0,기타,도로,변압기,2021-08-10,8,전남,전남,2021,8,29.5,25.2,27.3,0.5,14.2,80,4.300000000000001
2021-08-25 21:02:00,인천광역시,강화군,"건축,구조물",기계적 요인,기타(기계적요인),0,0,0,5692,0.0,5692.0,산업시설,발전시설,변전소,2021-08-25,8,인천,인천,2021,8,27.5,22.3,24.5,4.3,15.6,88,5.199999999999999
2021-08-26 16:59:00,부산광역시,사상구,"건축,구조물",기계적 요인,노후,0,0,0,3053,207.0,2846.0,산업시설,발전시설,변전소,2021-08-26,8,부산,부산,2021,8,29.0,23.6,26.0,5.8,21.9,87,5.399999999999999
2021-09-13 06:06:00,강원특별자치도,인제군,기타(쓰레기 화재등),기타,기타,0,0,0,60,0.0,60.0,기타,도로,변압기,2021-09-13,9,강원,강원,2021,9,27.7,17.1,22.3,0.0,5.8,82,10.599999999999998
2021-11-16 21:05:00,경상북도,칠곡군,기타(쓰레기 화재등),전기적 요인,미확인단락,0,0,0,110,0.0,110.0,기타,도로,변압기,2021-11-16,11,경북,경북,2021,11,13.8,1.2,6.7,0.0,12.0,72,12.6
2021-11-24 11:12:00,전라남도,고흥군,기타(쓰레기 화재등),전기적 요인,과부하/과전류,0,0,0,327,217.0,110.0,기타,도로,변압기,2021-11-24,11,전남,전남,2021,11,12.8,8.6,11.0,0.0,31.9,55,4.200000000000001
2021-11-29 09:54:00,경기도,성남시분당구,기타(쓰레기 화재등),기계적 요인,노후,0,0,0,6050,0.0,6050.0,기타,도로,변압기,2021-11-29,11,경기,경기,2021,11,10.5,-0.6,4.3,0.0,9.7,72,11.1
2021-11-29 09:54:00,경기도,성남시분당구,기타(쓰레기 화재등),전기적 요인,접촉불량에 의한 단락,0,0,0,1815,0.0,1815.0,기타,도로,변압기,2021-11-29,11,경기,경기,2021,11,10.5,-0.6,4.3,0.0,9.7,72,11.1
2021-12-08 08:41:00,광주광역시,동구,기타(쓰레기 화재등),기계적 요인,기타(기계적요인),0,0,0,8250,8250.0,0.0,기타,도로,변압기,2021-12-08,12,광주,광주,2021,12,13.6,-0.4,5.6,0.0,11.3,77,14.0
2022-02-06 22:07:00,서울특별시,중랑구,"건축,구조물",전기적 요인,미확인단락,0,0,0,332,272.0,60.0,산업시설,발전시설,"송, 배전설비",2022-02-06,2,서울,서울,2022,2,0.6,-8.7,-4.8,0.0,19.8,48,9.3
2022-03-13 07:58:00,대전광역시,서구,기타(쓰레기 화재등),전기적 요인,절연열화에 의한 단락,0,0,0,81,0.0,81.0,기타,도로,변압기,2022-03-13,3,대전,대전,2022,3,15.4,10.8,13.3,16.1,20.4,90,4.6
2022-04-11 14:56:00,경기도,평택시,기타(쓰레기 화재등),전기적 요인,기타(전기적요인),0,0,0,1645,0.0,1645.0,기타,도로,변압기,2022-04-11,4,경기,경기,2022,4,24.5,9.2,15.9,0.0,13.6,74,15.3
2022-05-26 09:39:00,제주특별자치도,제주시,기타(쓰레기 화재등),전기적 요인,트래킹에 의한 단락,0,0,0,287,0.0,287.0,기타,도로,변압기,2022-05-26,5,제주,제주,2022,5,20.8,16.9,18.3,0.2,14.5,70,3.900000000000002
2022-06-20 14:35:00,부산광역시,연제구,기타(쓰레기 화재등),전기적 요인,미확인단락,0,0,0,2772,2772.0,0.0,기타,도로,변압기,2022-06-20,6,부산,부산,2022,6,25.6,20.2,22.6,0.0,12.8,91,5.400000000000002
2022-07-08 07:36:00,서울특별시,송파구,기타(쓰레기 화재등),전기적 요인,절연열화에 의한 단락,0,0,0,1955,0.0,1955.0,기타,도로,변압기,2022-07-08,7,서울,서울,2022,7,27.0,22.5,24.7,3.5,20.8,88,4.5
2022-07-09 14:31:00,서울특별시,마포구,기타(쓰레기 화재등),전기적 요인,과부하/과전류,0,0,0,55,55.0,0.0,기타,도로,변압기,2022-07-09,7,서울,서울,2022,7,29.4,22.0,25.0,0.7,14.7,87,7.399999999999999
2022-08-01 14:18:00,부산광역시,사하구,기타(쓰레기 화재등),전기적 요인,"누전,지락",0,0,0,0,,,기타,도로,변압기,2022-08-01,8,부산,부산,2022,8,30.3,26.2,27.8,5.2,36.8,84,4.100000000000001
2022-08-25 00:04:00,경상남도,함안군,기타(쓰레기 화재등),교통사고,교통사고,0,0,0,11550,0.0,11550.0,기타,도로,변압기,2022-08-25,8,경남,경남,2022,8,28.3,19.8,23.9,0.1,15.6,81,8.5
2022-09-14 07:09:00,강원특별자치도,강릉시,"건축,구조물",전기적 요인,기타(전기적요인),0,0,0,46200,46200.0,0.0,산업시설,발전시설,"송, 배전설비",2022-09-14,9,강원,강원,2022,9,26.0,20.8,22.6,0.2,19.1,68,5.199999999999999
2022-10-06 18:07:00,울산광역시,울주군,기타(쓰레기 화재등),전기적 요인,과부하/과전류,0,0,0,302,0.0,302.0,기타,도로,변압기,2022-10-06,10,울산,울산,2022,10,19.3,15.1,16.3,2.7,9.1,88,4.200000000000001
2022-10-29 22:47:00,전라남도,완도군,"건축,구조물",전기적 요인,과부하/과전류,0,0,0,9930,874.0,9056.0,산업시설,발전시설,"송, 배전설비",2022-10-29,10,전남,전남,2022,10,19.9,9.8,14.3,0.0,19.2,80,10.099999999999998
2022-11-17 14:14:00,제주특별자치도,서귀포시,"건축,구조물",전기적 요인,미확인단락,0,0,0,44938,44938.0,0.0,산업시설,발전시설,변전소,2022-11-17,11,제주,제주,2022,11,15.5,9.4,13.1,0.0,15.5,82,6.1
2022-12-04 13:03:00,제주특별자치도,서귀포시,"건축,구조물",전기적 요인,트래킹에 의한 단락,0,0,0,860,860.0,0.0,산업시설,발전시설,"송, 배전설비",2022-12-04,12,제주,제주,2022,12,10.3,5.2,7.2,4.8,18.8,73,5.1000000000000005
2022-12-28 06:39:00,경기도,과천시,"건축,구조물",전기적 요인,절연열화에 의한 단락,0,0,0,26400,0.0,26400.0,산업시설,지중시설,"전력구, 통신구",2022-12-28,12,경기,경기,2022,12,-0.7,-8.9,-4.3,0.3,16.6,61,8.200000000000001
2023-01-13 17:46:00,경기도,수원시팔달구,기타(쓰레기 화재등),전기적 요인,절연열화에 의한 단락,0,0,0,6006,0.0,6006.0,기타,도로,변압기,2023-01-13,1,경기,경기,2023,1,10.6,5.2,7.5,17.3,16.4,90,5.3999999999999995
2023-02-04 19:58:00,강원특별자치도,춘천시,기타(쓰레기 화재등),전기적 요인,과부하/과전류,0,0,0,2420,0.0,2420.0,기타,도로,변압기,2023-02-04,2,강원,강원,2023,2,3.6,-7.0,-3.0,0.0,14.8,52,10.6
2023-05-16 09:55:00,강원특별자치도,강릉시,기타(쓰레기 화재등),기계적 요인,"과열, 과부하",0,0,0,1917,0.0,1917.0,기타,도로,변압기,2023-05-16,5,강원,강원,2023,5,29.3,12.0,20.8,0.0,18.1,66,17.3
2023-05-29 10:24:00,경기도,양주시,기타(쓰레기 화재등),전기적 요인,트래킹에 의한 단락,0,0,0,2955,0.0,2955.0,기타,도로,변압기,2023-05-29,5,경기,경기,2023,5,25.9,18.2,21.2,8.7,10.2,88,7.699999999999999
2023-05-31 07:57:00,전라남도,구례군,기타(쓰레기 화재등),기계적 요인,노후,0,0,0,250,0.0,250.0,기타,도로,변압기,2023-05-31,5,전남,전남,2023,5,24.8,17.8,20.6,1.1,16.2,82,7.0
2023-07-11 22:20:00,전라남도,순천시,기타(쓰레기 화재등),전기적 요인,미확인단락,0,0,0,34,0.0,34.0,기타,도로,변압기,2023-07-11,7,전남,전남,2023,7,27.0,24.0,25.3,24.1,31.4,93,3.0
2023-07-28 13:24:00,대구광역시,서구,"건축,구조물",기계적 요인,정비불량,0,0,0,444,0.0,444.0,산업시설,발전시설,변전소,2023-07-28,7,대구,대구,2023,7,33.5,24.4,29.3,0.0,6.6,78,9.1
2023-07-29 19:51:00,광주광역시,남구,기타(쓰레기 화재등),전기적 요인,과부하/과전류,0,0,0,1166,0.0,1166.0,기타,도로,변압기,2023-07-29,7,광주,광주,2023,7,32.3,23.3,27.9,0.2,8.7,80,8.999999999999996
2023-08-10 21:33:00,세종특별자치시,세종,기타(쓰레기 화재등),전기적 요인,접촉불량에 의한 단락,0,0,0,445,0.0,445.0,기타,도로,변압기,2023-08-10,8,세종,세종,2023,8,24.3,21.1,22.4,147.5,35.9,90,3.1999999999999993
2023-08-24 08:29:00,전라남도,무안군,기타(쓰레기 화재등),전기적 요인,미확인단락,0,0,0,101,0.0,101.0,기타,도로,변압기,2023-08-24,8,전남,전남,2023,8,28.2,23.9,25.7,3.1,16.5,89,4.300000000000001
2023-08-25 17:42:00,제주특별자치도,제주시,기타(쓰레기 화재등),기계적 요인,"과열, 과부하",0,0,0,2027,0.0,2027.0,기타,도로,변압기,2023-08-25,8,제주,제주,2023,8,29.3,24.7,26.8,0.3,12.2,76,4.600000000000001
2023-08-30 18:20:00,전라남도,목포시,기타(쓰레기 화재등),전기적 요인,"압착,손상에 의한 단락",0,0,0,96,0.0,96.0,기타,도로,변압기,2023-08-30,8,전남,전남,2023,8,24.0,20.9,22.9,43.2,14.0,90,3.1000000000000014
2023-09-30 19:45:00,인천광역시,옹진군,기타(쓰레기 화재등),전기적 요인,미확인단락,0,0,0,193,0.0,193.0,기타,도로,변압기,2023-09-30,9,인천,인천,2023,9,22.1,17.2,19.8,2.4,21.4,76,4.900000000000002
2023-12-28 08:25:00,전라남도,장성군,기타(쓰레기 화재등),전기적 요인,절연열화에 의한 단락,0,0,0,2860,2860.0,0.0,기타,도로,변압기,2023-12-28,12,전남,전남,2023,12,8.2,-1.1,2.4,0.0,18.7,86,9.3
2024-01-01 02:40:00,전라남도,광양시,"건축,구조물",전기적 요인,절연열화에 의한 단락,0,0,0,1417,881.0,536.0,산업시설,발전시설,"송, 배전설비",2024-01-01,1,전남,전남,2024,1,8.1,-1.4,4.3,0.0,17.1,80,9.5
2024-03-13 11:03:00,경기도,여주시,기타(쓰레기 화재등),기계적 요인,"오일,연료누설",0,0,0,996,0.0,996.0,기타,도로,변압기,2024-03-13,3,경기,경기,2024,3,9.9,-2.8,3.4,0.0,19.8,70,12.7
2024-03-23 07:35:00,제주특별자치도,서귀포시,"건축,구조물",미상,미상,0,0,0,17070,0.0,17070.0,산업시설,발전시설,변전소,2024-03-23,3,제주,제주,2024,3,18.3,15.7,17.2,1.5,25.8,89,2.6000000000000014
2024-04-03 00:13:00,제주특별자치도,제주시,"건축,구조물",전기적 요인,트래킹에 의한 단락,0,0,0,440,440.0,0.0,산업시설,지중시설,"전력구, 통신구",2024-04-03,4,제주,제주,2024,4,20.4,13.8,17.8,17.5,23.2,93,6.599999999999998
2024-04-19 21:08:00,충청북도,진천군,"건축,구조물",전기적 요인,절연열화에 의한 단락,0,0,0,114400,0.0,114400.0,산업시설,발전시설,변전소,2024-04-19,4,충북,충북,2024,4,25.1,8.3,17.4,0.0,9.2,48,16.8
2024-04-20 13:17:00,제주특별자치도,서귀포시,"건축,구조물",전기적 요인,절연열화에 의한 단락,0,0,0,4235,0.0,4235.0,산업시설,발전시설,변전소,2024-04-20,4,제주,제주,2024,4,20.1,15.4,17.4,16.8,18.1,85,4.700000000000001
2024-04-20 21:04:00,경상남도,하동군,"건축,구조물",전기적 요인,절연열화에 의한 단락,0,0,0,282,0.0,282.0,산업시설,발전시설,변전소,2024-04-20,4,경남,경남,2024,4,16.9,12.9,15.0,14.1,21.5,85,3.9999999999999982
2024-05-07 06:14:00,경기도,파주시,기타(쓰레기 화재등),전기적 요인,미확인단락,0,0,0,311,0.0,311.0,기타,도로,변압기,2024-05-07,5,경기,경기,2024,5,14.6,11.4,12.9,4.9,17.9,83,3.1999999999999993
2024-06-10 19:57:00,강원특별자치도,강릉시,기타(쓰레기 화재등),전기적 요인,기타(전기적요인),0,0,0,3999,0.0,3999.0,기타,도로,변압기,2024-06-10,6,강원,강원,2024,6,29.2,15.7,22.8,0.1,15.9,71,13.5
2024-07-02 10:36:00,전라남도,순천시,기타(쓰레기 화재등),전기적 요인,기타(전기적요인),0,0,0,539,0.0,539.0,기타,도로,변압기,2024-07-02,7,전남,전남,2024,7,28.2,23.5,25.7,17.9,37.0,88,4.699999999999999
2024-07-15 09:23:00,경기도,성남시분당구,"건축,구조물",전기적 요인,접촉불량에 의한 단락,0,0,0,238,0.0,238.0,산업시설,지중시설,"전력구, 통신구",2024-07-15,7,경기,경기,2024,7,30.4,22.0,26.0,0.4,13.3,77,8.399999999999999
2024-07-26 05:34:00,대전광역시,대덕구,"건축,구조물",전기적 요인,절연열화에 의한 단락,0,0,0,166571,0.0,166571.0,산업시설,발전시설,변전소,2024-07-26,7,대전,대전,2024,7,31.8,24.5,27.7,12.7,15.9,85,7.300000000000001
2024-08-01 18:44:00,충청남도,태안군,"건축,구조물",전기적 요인,접촉불량에 의한 단락,0,0,0,6,0.0,6.0,산업시설,지중시설,"전력구, 통신구",2024-08-01,8,충남,충남,2024,8,33.0,24.9,28.5,0.5,13.8,81,8.100000000000001
2024-08-19 06:35:00,세종특별자치시,세종,"건축,구조물",전기적 요인,"누전,지락",0,0,0,7134,0.0,7134.0,산업시설,발전시설,"송, 배전설비",2024-08-19,8,세종,세종,2024,8,35.0,24.6,29.4,0.6,9.8,72,10.4
2024-09-24 18:56:00,대전광역시,중구,"건축,구조물",전기적 요인,접촉불량에 의한 단락,0,0,0,2353,1423.0,930.0,산업시설,발전시설,"송, 배전설비",2024-09-24,9,대전,대전,2024,9,24.6,14.9,19.3,0.0,15.0,70,9.7
2024-10-18 20:54:00,울산광역시,동구,기타(쓰레기 화재등),자연적인 요인,자연적 재해,0,0,0,237,0.0,237.0,기타,도로,변압기,2024-10-18,10,울산,울산,2024,10,25.0,16.0,20.4,23.9,16.1,90,9.0
2024-11-15 16:51:00,서울특별시,금천구,기타(쓰레기 화재등),전기적 요인,과부하/과전류,0,0,0,53,0.0,53.0,기타,도로,변압기,2024-11-15,11,서울,서울,2024,11,18.4,11.4,14.1,0.0,7.9,82,6.999999999999998
2024-11-16 13:50:00,충청남도,서천군,기타(쓰레기 화재등),기계적 요인,노후,0,0,0,440,440.0,0.0,기타,도로,변압기,2024-11-16,11,충남,충남,2024,11,21.5,12.6,15.9,2.4,17.5,81,8.9
2024-11-20 18:02:00,경기도,양주시,"건축,구조물",전기적 요인,과부하/과전류,0,0,0,27027,0.0,27027.0,산업시설,발전시설,변전소,2024-11-20,11,경기,경기,2024,11,9.9,0.6,5.4,0.2,8.7,76,9.3
2024-12-02 13:02:00,경기도,성남시분당구,기타(쓰레기 화재등),전기적 요인,트래킹에 의한 단락,0,0,0,1771,0.0,1771.0,기타,도로,변압기,2024-12-02,12,경기,경기,2024,12,11.6,-0.2,4.9,4.2,15.7,84,11.8
